,111CA,113FF,211,212,213,22,23,321,327,331,332,333,334,335,3361MV,3364OT,337,339,311FT,313TT,315AL,322,323,324,325,326,42,441,445,452,4A0,481,482,483,484,485,486,487OS,493,511,512,513,514,521CI,523,524,525,HS,ORE,532RL,5411,5415,5412OP,55,561,562,61,621,622,623,624,711AS,713,721,722,81,GFGD,GFGN,GFE,GSLG,GSLE,T001,F010,F02E,F02N,F02R,F02S,F030,F040,F06C,F06E,F06N,F06S,F07C,F07E,F07N,F07S,F10C,F10E,F10N,F10S,T019
111CA,83777,544,...,68,28,...,3432,...,...,...,...,...,...,...,...,...,...,427,272584,1551,...,...,...,...,9960,...,1774,1246,1838,393,781,...,...,...,...,...,...,191,...,...,...,...,...,6,...,...,...,2,9,...,2,1,1308,48,3704,...,154,...,...,...,...,...,863,45,3281,75,6,-353,...,4737,...,392483,153203,...,...,...,...,-9846,56997,...,...,...,...,...,...,...,...,...,...,...,...,592837
113FF,21967,8481,...,94,...,...,...,17791,2,...,...,...,...,...,...,...,53,228,9079,...,90,7689,60,26,725,2404,...,...,998,...,2,...,...,...,...,...,...,7,...,...,...,...,...,...,...,...,...,...,...,...,...,...,320,15,4,...,101,...,...,...,...,...,351,528,5061,255,...,66,27,4498,...,80923,9164,...,...,...,...,488,6803,...,...,...,...,...,...,...,...,...,...,...,...,97377
211,...,...,39311,1,0,29445,...,0,0,19,0,0,...,...,0,...,...,...,0,...,...,0,0,324998,4969,0,2,0,0,0,1,...,...,...,...,...,12,...,0,0,0,0,...,...,...,...,...,...,...,...,...,0,0,3,0,0,0,0,0,0,0,0,1,1,3,0,...,...,1200,...,24620,424589,...,...,...,...,...,2822,90383,...,...,...,...,...,...,...,...,...,...,...,...,517795
212,2543,1,133,6917,65,11499,27940,7,12792,14957,527,154,3,128,85,166,30,163,1348,57,...,1288,...,4106,5584,106,25,...,...,...,3,...,203,0,9,5,...,3,1,23,23,241,646,...,...,...,...,62,...,...,...,...,1333,82,516,50,320,...,44,32,43,335,597,71,565,689,...,1049,...,3085,9228,109882,471,76,...,...,...,1504,18522,...,...,...,...,...,...,...,...,...,...,...,...,130455
213,...,...,9868,1773,930,...,...,...,...,...,...,...,...,...,...,...,...,...,...,...,...,...,...,...,...,...,...,...,...,...,...,...,...,...,...,...,...,...,...,...,...,...,...,...,...,...,...,...,...,...,...,...,51,3,...,...,...,...,...,...,...,...,...,...,...,...,...,...,...,...,...,12626,...,3131,...,...,120616,25,2196,...,...,...,...,...,...,...,...,...,...,...,...,138594
22,4317,84,6268,2710,91,22602,4753,1097,2491,4639,3442,1741,640,608,2671,839,502,686,7549,744,73,3793,1154,6456,12865,3672,15113,4234,7654,4840,16427,55,92,96,1397,276,332,574,9414,484,375,3136,1452,2773,912,548,1343,23,101414,1563,379,199,3509,9066,2825,396,6358,2226,7525,1873,913,715,2291,5357,20382,3963,1531,502,830,22096,1877,365828,288088,...,...,...,...,...,4375,...,...,...,...,...,...,...,...,...,...,...,...,658291
23,1655,27,1106,1588,806,6840,217,129,297,437,521,354,81,97,482,146,77,119,1041,60,12,576,197,7697,1470,406,1983,727,472,498,2767,265,2033,32,243,821,377,1548,604,41,28,2220,167,2564,1091,253,220,74925,81210,218,73,17,637,554,487,30,419,240,615,194,184,211,386,686,1616,3498,8260,1471,783,29830,55448,307383,...,...,...,614336,508738,...,101,...,...,...,7441,...,...,...,14767,...,...,...,334432,1787197
321,401,33,...,186,132,...,62703,25671,496,446,316,1153,429,339,4260,435,8988,1288,596,61,3,6685,6,...,317,1750,4135,187,736,124,1493,...,3041,...,117,...,3,87,265,62,123,1297,1951,153,9,12,...,141,8422,415,16,18,856,4,1100,17,36,344,474,7,1418,8,213,791,1394,737,15,21,1,5824,211,152974,12953,...,...,11521,416,87,5969,...,...,...,...,...,0,...,...,...,...,...,...,183920
327,6,59,1899,501,709,94,104247,1086,20158,2770,1801,3081,244,2161,10870,630,515,1049,7143,225,...,579,3,2796,2957,2227,442,474,145,216,1640,...,24,...,78,...,1,51,272,6,4,4128,1368,134,71,4,...,194,221,527,9,105,5448,105,1745,236,106,3398,3112,281,405,20,194,165,3451,1666,127,503,...,3306,2885,205076,25860,...,...,...,...,582,11061,...,...,...,...,...,...,...,...,...,...,...,...,242579
331,133,...,7768,713,457,3,6357,538,908,73301,80657,36982,3538,16164,60248,12610,4823,6318,5808,381,...,671,36,68,64,1625,1393,8,...,0,960,...,1026,...,...,...,...,310,...,17,16,295,614,...,...,2,...,3,4054,100,...,7,1486,51,535,373,154,70,90,18,287,22,286,19,150,433,96,194,...,406,470,334116,1380,...,...,...,...,-285,31157,...,...,...,...,...,...,...,...,...,...,...,...,366369
332,2181,124,8249,1295,1321,416,122720,3321,3417,5054,45207,34246,3979,9928,58834,15641,4244,5724,19530,644,238,5909,1880,898,12535,8226,3659,648,232,152,2910,161,551,1983,1419,552,985,1022,627,986,54,15336,2581,310,275,4,22,104,4761,1408,37,1284,6786,1268,3942,2696,565,362,1137,41,2072,60,696,1273,4239,4203,6444,1234,594,5670,4836,465938,47329,18810,...,...,...,1617,44313,...,143,...,...,...,2,...,...,...,12,...,...,578165
333,5412,273,15728,6161,5119,1951,50953,801,243,1726,5439,48010,318,2502,38663,7099,122,1757,5759,35,19,1307,1866,338,9657,2172,3432,493,176,210,1258,9,280,25,272,321,70,5560,645,123,68,3333,1321,23,52,1324,...,99,209,2765,31,1531,3851,874,4881,4209,1654,998,733,225,172,50,161,118,1000,8991,985,166,671,6615,2518,275927,23108,369094,...,...,...,2151,129223,...,160,...,...,...,2,...,...,...,294,...,...,799959
334,152,0,31,21,435,74,8246,1085,1438,2223,6413,12326,27372,6218,31074,25184,1571,3263,3239,718,125,959,2256,687,7169,2787,16095,1335,374,390,3690,3,126,4,247,27,5,101,314,4037,1022,26435,7501,689,887,142,636,432,689,443,1221,6410,9624,10993,5304,642,844,12252,833,235,418,27,196,301,102,6326,36761,2971,1,2330,2049,310528,189793,288131,...,562,...,-98,121807,...,1465,...,...,...,31,...,...,...,539,...,...,912759
335,2950,148,288,88,472,25,61513,2287,220,2210,3429,21265,2059,12626,10258,3254,171,1547,1491,82,8,680,236,242,1552,1923,457,336,61,355,589,1,187,21,76,660,2,30,746,3,...,8369,619,213,93,3,...,50,2488,281,0,1228,6867,167,3655,1114,1008,25,880,1349,551,93,499,812,990,4555,1248,1570,60,2323,3657,179312,95239,42686,...,9390,...,1115,39529,...,214,...,...,...,3,...,...,...,43,...,...,367530
3361MV,1055,75,1209,1119,394,47,3156,911,837,802,1505,19807,322,410,287638,6115,490,772,3690,93,1,1339,359,268,1851,676,8194,7011,1798,364,7687,...,68,...,5948,777,0,146,3836,285,159,1694,293,90,34,...,...,...,...,1322,...,44,4243,974,10218,1631,299,469,1155,134,1811,695,140,165,861,20848,4981,59,1156,7281,755,432564,345652,370883,...,...,...,7623,121705,...,56443,...,...,...,17083,...,...,...,40690,...,...,1392643
3364OT,...,39,...,38,...,...,10,53,...,...,42,139,...,...,404,77429,...,...,...,...,...,...,...,...,...,...,17,106,...,...,...,1184,1976,2480,0,52,...,1332,...,...,...,6,...,...,...,...,...,...,...,...,...,...,2523,54,64,40,...,...,...,...,0,...,1,...,...,674,48861,630,22,0,227,138403,40306,78216,...,...,...,16898,124922,...,34934,...,...,...,42,...,...,...,16,...,...,433737
337,1,...,...,...,...,...,32826,372,1,...,...,456,62,6,56,430,4985,514,...,...,...,1,...,...,...,432,699,356,...,24,2067,...,...,4,...,...,...,22,...,2,...,362,524,...,...,...,...,10681,114,...,18,3,517,6,4,...,...,600,122,1,131,308,512,5,440,382,...,...,2131,15,89,60280,129470,50213,...,938,...,-840,4954,...,0,...,...,...,0,...,...,...,7,...,...,245022
339,224,3,51,46,20,...,1594,28,166,54,70,3150,3,1088,2990,100,15,7741,47,93,225,0,11,16,736,157,1663,536,145,14,1918,0,2,...,9,84,0,324,412,6,4,342,167,288,46,24,...,1,820,92,69,50,3379,35,2821,537,592,25372,28151,1482,1921,85,831,68,1038,1902,239,218,...,11763,137,106212,278856,78145,...,...,...,725,47652,...,3,...,...,...,0,...,...,...,16,...,...,511610
311FT,48683,386,...,...,...,...,...,40,258,6,...,...,...,...,...,...,...,6,203301,13,1415,1383,815,484,4242,162,3383,7,4222,1163,2045,1375,2,703,79,...,...,73,...,36,19,...,130,...,...,...,...,...,...,...,...,...,6296,140,0,...,6898,20,9328,7030,10840,1103,8410,8758,74535,3597,2775,30,792,71576,...,486558,1083510,...,...,...,...,4974,79772,...,...,...,...,...,...,...,...,...,...,...,...,1654813
313TT,252,61,...,3,...,...,3453,733,499,...,...,1320,1,1,6433,1090,3530,2300,214,8677,2204,3662,497,147,12,3055,3068,117,187,5369,2817,...,...,219,21,...,1,99,4,5,202,26,21,...,...,...,...,3,227,262,...,...,454,10,347,170,49,100,846,3620,1306,0,478,2461,442,1401,1042,238,2,3856,44,67656,82760,3599,...,2196,...,412,11101,...,...,...,...,...,0,...,...,...,0,...,...,167724
315AL,53,...,...,...,...,1,...,...,1,...,...,...,...,...,2609,...,...,73,16,738,2170,...,1649,13,...,1,1104,298,11,286,814,...,...,...,...,...,...,...,...,7,34,1311,2,...,...,...,...,...,...,101,...,...,46,15,346,140,81,126,275,...,413,144,35,14,134,2013,138,27,70,3151,49,18506,416913,...,...,...,...,-235,6474,...,...,...,...,...,...,...,...,...,...,...,...,441659
322,473,0,120,228,69,59,3541,740,1791,1485,2924,2502,451,1289,4225,954,1505,2357,34602,502,101,44983,9222,437,8406,5313,7962,203,2089,591,2763,28,57,11,249,1448,26,3512,551,1979,209,1119,550,2020,678,96,5,4,2007,1258,532,391,4602,880,5531,330,242,1481,3328,1608,1169,131,308,2396,3765,1749,140,1040,53,15531,48,202945,48354,...,...,...,...,1026,24114,...,...,...,...,...,...,...,...,...,...,...,...,276439
323,21,...,10,2,...,2,46,17,...,...,1,9,...,1,4,...,...,...,183,...,22,...,1678,13,542,...,10752,202,225,170,7384,8,14,...,587,151,2,791,10,5097,1156,522,8726,990,2155,2066,...,...,160,300,726,247,6880,978,3220,18,1053,1976,3213,177,1558,851,288,891,729,2677,684,704,37,13037,636,84595,11763,...,...,...,...,927,2284,...,...,...,...,...,...,...,...,...,...,...,...,99568
324,10650,548,6791,5191,2426,19698,66220,1098,773,1996,887,1590,105,1490,700,298,396,757,4236,104,38,1257,1957,24352,13062,1123,7286,1622,726,204,2421,15800,8583,2312,31666,4384,19,22348,182,304,173,1108,856,10635,5150,39,847,164,10705,2959,58,884,2486,1946,7868,1807,703,1006,2746,784,650,141,1705,1266,4275,4139,23474,612,3615,111514,23718,493628,335357,...,...,...,...,8297,112548,...,...,...,...,...,...,...,...,...,...,...,...,949831
325,32837,1822,10764,3527,1349,2053,16933,2890,5391,1979,9027,5306,2317,2859,13503,2148,2511,7460,10242,10344,294,15041,7739,13825,275825,73326,2931,224,73,123,1523,1,335,10,266,25,2,182,1886,717,271,905,1435,301,333,28,...,493,19377,472,471,198,19249,2175,10227,948,583,48359,31567,3363,902,391,1139,92,897,5139,2021,1637,111,43227,3238,739158,692333,2447,...,...,...,3774,194253,...,...,...,...,...,...,...,...,...,...,...,...,1631965
326,1679,92,163,1407,729,39,47713,904,1656,827,3176,9125,1089,2194,39534,4333,6387,7077,24066,419,362,3270,860,728,16207,21002,15887,3902,2477,481,7620,18,9,1,1106,57,77,3898,626,439,148,6674,697,320,153,132,1,80,1169,2165,99,697,7700,272,3102,491,758,10391,4629,1917,1358,45,310,187,9033,6993,2043,400,22,14490,2730,310840,74778,320,...,147,...,1863,30468,...,...,...,...,...,0,...,...,...,...,...,...,418417
42,1464,22,70,114,...,1111,62,358,411,1063,1213,3204,698,1702,732,82,498,2243,4345,241,41,1186,122,168,5008,1771,44649,2579,378,15,16273,123,...,...,91,...,3,...,...,865,20,1271,...,14,35,46,3,...,...,7305,...,100,...,...,68,60,26,234,100,...,...,...,101,...,31,22,...,...,0,43,...,102382,...,...,...,...,...,...,2475,...,...,...,...,...,...,...,...,...,...,...,...,104857
441,...,...,...,...,...,...,...,...,...,...,...,...,...,...,...,...,...,...,...,...,...,...,...,...,...,...,...,...,...,...,...,...,...,...,...,...,...,...,...,...,...,...,...,...,...,...,...,...,...,...,...,...,...,...,...,...,...,...,...,...,...,...,...,...,...,...,...,...,...,...,...,...,...,...,...,...,...,...,...,...,...,...,...,...,...,...,...,...,...,...,...,...
445,...,...,...,...,...,...,...,...,...,...,...,...,...,...,...,...,...,...,...,...,...,...,...,...,...,...,...,...,...,...,...,...,...,...,...,...,...,...,...,...,...,...,...,...,...,...,...,...,...,...,...,...,...,...,...,...,...,...,...,...,...,...,...,...,...,...,...,...,...,...,...,...,...,...,...,...,...,...,...,...,...,...,...,...,...,...,...,...,...,...,...,...
452,...,...,...,...,...,...,...,...,...,...,...,...,...,...,...,...,...,...,...,...,...,...,...,...,...,...,...,...,...,...,...,...,...,...,...,...,...,...,...,...,...,...,...,...,...,...,...,...,...,...,...,...,...,...,...,...,...,...,...,...,...,...,...,...,...,...,...,...,...,...,...,...,...,...,...,...,...,...,...,...,...,...,...,...,...,...,...,...,...,...,...,...
4A0,...,...,...,...,...,...,...,...,...,...,...,...,...,...,...,...,...,...,...,...,...,...,...,...,...,...,...,1036,...,488,685,...,...,...,...,...,...,...,...,...,...,...,...,...,...,...,...,...,...,...,...,...,...,...,...,...,...,...,...,...,...,...,...,...,...,3,...,...,...,...,...,2213,7105,...,...,...,...,...,...,...,...,...,...,...,...,...,...,...,...,...,...,9318
481,...,...,8,35,285,762,344,214,335,274,751,523,49,48,343,311,210,271,962,39,20,211,382,336,494,508,7287,196,48,86,411,272,30,301,1668,45,3,1024,63,692,583,2167,2678,5004,5073,551,361,610,10208,1263,1621,2574,6935,489,9459,676,840,3990,461,560,645,221,415,315,1490,1455,4522,1399,209,4728,87,91429,155634,...,...,...,...,...,46230,...,...,...,...,...,...,...,...,...,...,...,...,293293
482,...,...,...,...,...,116,1,...,...,...,...,...,...,...,...,...,...,1,...,...,...,...,2,...,...,...,73,8,10,...,41,...,79,...,4038,...,3,279,28,...,...,213,1,15,9,174,...,...,...,14,40,15,363,1,139,...,...,10,22,...,...,...,...,...,...,17,108,28,389,407,...,6643,1544,...,...,...,...,...,1374,...,...,...,...,...,...,...,...,...,...,...,...,9561
483,...,...,...,...,...,0,0,...,...,...,...,0,...,...,...,...,...,...,...,...,...,...,...,...,0,...,0,0,...,...,...,...,...,...,...,...,4,...,...,...,...,0,...,...,...,...,...,...,...,0,...,...,1135,94,0,0,329,0,67,...,0,0,...,...,...,0,1747,55,533,248,...,4212,25412,...,...,...,...,...,4429,...,...,...,...,...,...,...,...,...,...,...,...,34053
484,160,...,...,...,122,...,...,165,59,154,549,163,154,28,149,57,86,143,108,45,14,155,86,625,136,232,3298,1487,799,918,3498,926,137,82,5145,93,7,2350,79,120,81,6,295,...,...,21,2,...,...,113,77,36,1313,4,269,43,23,138,196,27,63,22,4,14,113,163,1375,11,259,311,20,27329,12870,...,...,...,...,...,1575,...,...,...,...,...,...,...,...,...,...,...,...,41773
485,...,2,5,12,110,1868,808,87,142,121,316,229,21,21,155,127,86,141,400,14,8,90,154,142,218,206,1070,101,8,26,188,3,489,...,...,...,1,136,10,296,219,2273,1432,2830,2202,1713,146,839,4906,696,1039,1365,7737,240,5452,265,478,2587,2041,872,234,2175,139,159,821,632,16,2,20,21704,1187,74233,50637,...,...,...,...,...,...,...,...,...,...,...,...,...,...,...,...,...,...,124870
486,...,...,447,...,...,...,...,...,...,...,...,...,...,...,...,...,...,...,...,...,...,...,...,...,...,...,...,...,...,...,...,...,...,...,...,...,...,...,...,...,...,...,...,...,...,...,...,...,...,...,...,...,...,...,...,...,...,...,...,...,...,...,...,...,...,...,...,...,...,...,...,447,...,...,...,...,...,...,311,...,...,...,...,...,...,...,...,...,...,...,...,758
487OS,...,188,43,1529,6,7413,...,891,1014,143,146,20,...,3,9,...,280,187,665,62,...,463,448,1626,218,574,47690,2482,848,579,13949,21114,1992,4558,46544,1019,444,31590,1395,1869,1311,385,4551,622,3234,335,...,...,...,2159,914,490,13397,476,3334,1432,435,2020,3093,449,1033,672,869,126,505,2257,2,58,525,802,4545,242030,25899,...,...,...,...,...,10730,...,...,...,...,...,...,...,...,...,...,...,...,278659
493,311,...,10,356,...,380,...,3681,1881,144,1772,674,2056,76,226,177,139,564,4036,1379,342,3321,1991,3919,3669,5517,22296,9068,7228,9160,25179,15,2,785,10362,211,14,875,10933,539,295,627,937,...,...,59,...,1,60,391,198,108,950,5,2025,90,146,654,886,145,224,175,113,704,1274,798,113,123,...,3884,108,148384,107,...,...,...,...,...,169,...,...,...,...,...,...,...,...,...,...,...,...,148659
511,45,1,30,0,2,137,558,2,1,5,41,37,10,1,14,79,8,28,8,...,0,5,63,4,45,10,2105,302,93,121,794,8,63,...,77,13,...,434,117,14343,77,1041,2039,481,1038,188,26,34,372,307,1328,960,4761,2359,2404,11,781,1888,1349,126,923,32,85,105,104,1077,1450,724,258,11314,122,57370,147546,...,162735,...,...,1047,46006,...,...,1947,...,...,...,2360,...,...,...,6766,...,425778
512,...,...,...,...,...,...,...,...,...,...,...,...,...,...,...,...,...,...,...,...,...,...,...,...,...,...,22,388,239,...,191,4,...,...,4,...,72,15,...,36,23019,47054,9,22,28,...,...,...,111,484,10,18,2465,196,66,...,3665,43,19,1991,1342,156,126,2096,2697,824,1443,329,5,967,...,90157,33546,...,41671,...,...,32,20489,...,...,...,...,...,...,...,...,...,...,...,...,185895
513,510,25,1355,237,451,1278,6815,215,326,262,929,790,167,153,466,342,177,445,1110,69,31,266,464,531,932,549,18782,2641,778,689,11357,378,148,140,4751,1543,467,3489,599,2624,647,112176,8617,10944,7360,7035,934,3066,16839,1839,5413,4024,15144,6269,15433,735,2506,6888,4589,1137,1275,492,1680,2201,6632,6370,4629,2417,502,45714,1017,371803,340144,5983,31998,...,...,...,10587,...,...,...,...,...,...,...,...,...,...,...,...,760516
514,...,0,89,8,8,1395,1211,662,651,829,2081,1459,376,249,656,951,515,681,1387,154,66,652,388,588,741,978,4404,3134,1257,943,6649,165,1,...,226,114,24,839,165,2142,238,5514,17463,9789,3651,1550,936,51,832,5696,3724,2960,18988,7637,25384,875,5187,2084,4766,404,1447,680,984,687,4222,10673,12364,3297,302,15598,2065,206889,81126,...,14230,...,...,...,7354,...,...,471,...,...,...,423,...,...,...,1454,...,311947
521CI,1334,45,2922,641,1103,7420,7931,248,943,882,1548,1447,713,341,1216,844,518,789,3420,180,120,269,365,578,1764,1290,21033,2546,2983,3550,16465,2604,4174,674,6624,12345,145,1516,941,2039,1880,5330,2252,44482,53708,12165,3001,111911,70123,21299,3925,3328,20991,14770,11483,340,2639,11029,1766,2744,1525,530,1690,1313,2481,12428,285,248,2381,5198,10071,553823,308916,...,...,...,...,...,71381,...,...,...,...,...,...,...,...,...,...,...,...,934120
523,247,21,4051,1664,3941,518,2027,48,79,1091,1643,1543,73,261,1189,778,481,719,251,15,7,38,61,125,63,114,2481,196,256,468,967,5777,924,8805,1149,2472,83,2068,42,364,448,517,159,40570,64532,7488,98886,227,6389,1140,972,453,3602,11023,2464,59,634,1714,11899,540,2361,377,142,2816,3311,18475,24,73,98,27639,2563,358691,249088,...,...,...,...,...,65060,...,...,...,...,...,...,...,...,...,...,...,...,672839
524,2242,778,10840,1928,2278,764,403,210,1099,623,879,1463,317,818,1516,2364,432,565,3466,306,236,292,106,450,2277,549,28233,2956,1233,1202,7040,250,38,441,13102,4730,234,2126,1727,463,1931,2702,1099,4885,13827,450541,8643,14957,43596,4058,3645,1136,9028,261,9044,1060,2134,7334,83962,1773,4775,1876,1956,1334,3670,5324,0,68539,355,1841,9147,865409,442670,...,...,7764,...,...,16772,...,...,...,...,...,...,...,...,...,...,...,...,1332616
525,...,...,...,...,...,...,...,...,...,...,...,...,...,...,...,...,...,...,...,...,...,...,...,...,...,...,...,...,...,...,...,...,...,...,...,...,...,...,...,...,...,...,...,...,...,8867,13716,...,...,...,...,...,...,40,...,...,...,...,...,...,...,...,...,...,...,...,...,...,...,...,...,22623,175240,...,...,...,...,...,...,...,...,...,...,...,...,...,...,...,...,...,...,197863
HS,...,...,...,...,...,...,...,...,...,...,...,...,...,...,...,...,...,...,...,...,...,...,...,...,...,...,...,...,...,...,...,...,...,...,...,...,...,...,...,...,...,...,...,...,...,...,...,...,...,...,...,...,...,...,...,...,...,...,...,...,...,...,...,...,...,...,...,...,...,...,...,...,2328521,...,...,...,...,...,...,...,...,...,...,...,...,...,...,...,...,...,...,2328521
ORE,24782,79,1855,122,180,3865,22727,613,784,474,4813,1790,3581,517,1878,4017,1235,1445,4197,511,120,1174,2118,113,4296,2429,101666,18746,22441,16734,118112,308,231,366,5843,1656,117,2825,20274,4608,5500,17283,13394,39263,31265,67265,798,10163,129657,9965,24601,5007,51013,38891,22959,1789,37266,50629,47396,28192,19286,10086,15633,9422,87673,48051,4440,9026,1150,37627,3901,1282238,6288,...,...,130914,23559,...,3364,...,...,...,...,...,...,...,...,...,...,...,...,1446362
532RL,4003,151,6725,1738,2770,950,23599,270,909,932,2482,2016,482,567,2044,1739,239,1206,4484,121,111,909,684,2159,5896,955,36426,1736,1926,2712,12273,10998,4857,585,11286,3167,64,1578,1323,2478,3421,14305,8914,8833,8291,4507,28,124,3628,7337,3522,2393,18229,23936,9126,1915,2055,5309,6661,826,625,2059,2249,2370,9711,2589,388,214,519,7484,537,321653,116622,...,...,...,...,...,79102,...,...,...,...,...,...,...,...,...,...,...,...,517377
5411,307,55,3332,603,1092,3243,5831,708,486,822,3312,1580,3169,210,2038,2904,351,1482,1211,186,101,831,639,1492,3765,1383,13097,663,314,803,4236,278,524,216,458,304,152,728,238,2981,1125,5078,4286,4596,8588,24717,1184,2172,20184,673,2293,4519,13913,10090,8690,446,398,5675,16629,1300,872,1237,2245,2593,2809,3881,1053,166,855,9086,827,228304,110848,...,...,26848,...,...,16231,...,...,...,...,...,...,...,...,...,...,...,...,382231
5415,346,33,9563,320,26,1390,4780,196,259,281,1686,2842,345,100,569,1437,201,429,1094,86,33,242,553,1185,1068,461,15602,3446,756,1044,5445,147,1331,7,1327,254,8,329,363,6159,808,8118,11570,9911,9607,4189,517,315,2147,708,4621,6191,18773,22985,13683,296,1703,6214,11897,1410,1306,274,1333,724,2409,3855,23308,10981,362,19887,2592,268438,...,31961,233615,...,...,...,38906,...,18,10137,...,...,...,25011,...,...,0,11842,...,619929
5412OP,1646,418,8155,2939,4979,10756,54307,3105,3166,5120,11252,6964,7312,1929,7496,6564,2932,5900,16157,1254,640,3448,2699,5664,14718,6751,114232,22930,8399,9065,74678,1115,2599,1332,6629,2541,2033,3177,1830,15120,14080,61845,41536,60772,45857,33609,2782,1338,122416,9075,10054,25110,141119,59460,55222,3091,5444,34044,47019,9013,6470,5274,7253,10238,35137,25266,41604,6757,1660,57204,17728,1459424,79128,29657,503199,3557,...,...,153209,...,...,62505,...,...,...,83268,...,...,...,21476,...,2395423
55,...,...,17828,3871,959,29,8924,1024,2166,1671,10694,20379,18679,1701,18291,6479,722,4001,27033,1142,867,2972,1083,11146,25502,3132,91288,1969,5571,22442,27074,503,15,1112,9073,1187,8,3881,625,6436,1042,3411,1927,5279,15380,2846,419,51,2684,5386,6699,5931,25462,95,53324,3408,4138,26519,10117,4164,2488,2570,2353,21849,67365,9365,...,...,569,...,...,646320,...,...,...,...,...,...,4475,...,...,...,...,...,...,...,...,...,...,...,...,650795
561,677,48,1645,794,1184,13298,10268,747,1513,2935,8180,2640,2587,587,4059,5341,440,1649,4788,396,425,1801,3605,3885,6339,2297,75716,6890,4062,4260,35232,8872,1512,6703,16432,7707,970,8560,4944,11472,3535,28028,34928,26903,17282,10039,306,6738,137243,14775,10550,24990,63466,10114,78743,3909,4008,29333,58174,10472,4100,4988,4116,7937,14685,14908,15089,1339,2155,41624,7269,967205,74710,...,...,...,...,...,2544,...,...,...,...,...,...,...,...,...,...,...,...,1044460
562,228,8,1672,313,245,653,3024,116,265,382,439,258,63,71,250,220,123,136,1587,87,12,323,120,862,2301,349,3037,1237,542,323,2165,27,91,65,1162,160,18,466,890,121,44,309,87,843,132,1887,400,24,15371,433,134,139,1978,788,2564,10504,698,2508,3244,999,806,115,1121,1232,3153,2383,523,198,188,19757,3900,100871,28670,...,...,...,...,...,168,...,...,...,...,...,...,...,...,...,...,...,...,129709
61,15,3,...,...,...,230,10,...,...,...,...,...,...,...,...,...,...,...,...,...,...,...,103,40,...,3,2808,52,1316,...,7188,206,51,...,...,...,11,74,...,...,...,104,259,26,13,...,...,...,...,...,...,80,127,...,1360,...,4981,1,28,...,...,2049,322,...,...,4734,1719,39,151,18809,15,46924,372224,...,...,...,...,...,2421,...,...,...,...,...,...,...,...,...,...,...,...,421569
621,...,...,...,...,...,...,...,...,...,...,...,...,...,...,...,...,...,...,...,...,...,...,...,...,...,...,...,...,...,...,...,...,...,...,...,...,...,...,...,...,...,...,...,...,...,...,...,...,...,...,...,...,97,...,75,...,...,17474,17787,74,10,96,2,...,...,88,...,634,...,9443,...,45780,1128631,...,...,...,...,...,92,...,...,...,...,...,...,...,...,...,...,...,...,1174503
622,...,...,...,...,...,...,...,...,...,...,...,...,...,...,...,...,...,...,...,...,...,...,...,...,...,...,...,...,...,...,...,...,...,...,...,...,...,...,...,...,...,...,...,...,...,...,...,...,...,...,...,...,...,...,...,...,...,...,3321,...,...,...,...,...,...,...,...,...,...,...,...,3321,1195573,...,...,...,...,...,2929,...,...,...,...,...,...,...,...,...,...,...,...,1201823
623,...,...,...,...,...,...,...,...,...,...,...,...,...,...,...,...,...,...,...,...,...,...,...,...,...,...,...,...,...,...,...,...,...,...,...,...,...,...,...,...,...,...,...,...,...,...,...,...,...,...,...,...,...,...,...,...,...,...,...,...,...,...,...,...,...,...,...,3133,...,1145,...,4278,258728,...,...,...,...,...,...,...,...,...,...,...,...,...,...,...,...,...,...,263006
624,...,...,...,...,...,...,...,...,...,...,...,...,...,...,...,...,...,...,...,...,...,...,...,...,...,...,...,...,...,...,...,...,...,...,...,...,...,...,...,...,...,...,...,...,...,...,...,...,...,...,...,...,...,...,...,...,...,...,...,...,...,...,...,...,...,...,...,...,...,677,...,677,232566,...,...,...,...,...,...,...,...,...,...,...,...,...,...,...,...,...,...,233243
711AS,54,1,1,...,14,97,141,33,41,55,91,75,4,7,50,39,21,37,167,9,4,39,45,94,55,84,2084,733,534,62,729,84,238,...,149,38,...,362,49,192,10302,25167,343,1418,816,369,149,18,6478,317,695,443,5779,3357,2509,87,1316,850,1019,256,293,20112,1177,408,1896,3303,1302,29,60,1319,16,98114,87925,...,6011,...,...,...,1596,...,...,...,...,...,...,...,...,...,...,...,...,193646
713,13,0,...,1,7,19,54,5,7,6,17,12,1,1,8,7,5,7,22,0,0,5,9,8,11,12,189,3,26,1,287,0,0,...,...,...,...,3,1,18,13,64,88,159,131,38,9,22,287,29,74,87,275,511,454,16,57,187,9,22,29,173,8,320,328,45,109,1,0,395,249,4955,217713,...,...,...,...,...,...,...,...,...,...,...,...,...,...,...,...,...,...,222667
721,2,...,7,22,180,815,422,138,225,190,507,366,34,40,244,206,137,227,645,28,13,143,343,226,354,389,2321,32,80,46,316,...,20,...,...,...,5,771,116,591,483,2115,2875,5211,4348,1223,290,743,9429,1225,1907,2742,7285,942,9115,679,675,4055,309,427,470,173,225,464,1669,1224,1164,384,43,3422,187,75704,166654,...,...,...,...,...,...,...,...,...,...,...,...,...,...,...,...,...,...,242358
722,470,33,41,56,397,1381,469,220,313,322,676,542,60,77,351,280,177,301,1084,58,25,231,333,562,473,494,6025,1061,978,817,4224,15758,7,24,1885,297,44,1598,178,548,695,1959,2500,8299,4635,5458,720,4829,30364,1950,3435,3644,18632,3980,17022,623,1737,22319,14769,8983,2183,625,1957,7932,4210,4089,498,134,991,15932,576,238550,815296,...,...,...,...,...,2826,...,...,...,...,...,...,...,...,...,...,...,...,1056671
81,375,302,237,151,516,468,8279,494,898,1341,2094,1120,387,239,1439,512,248,487,2865,180,33,1671,634,1705,3945,1294,29300,2683,3265,2150,11130,302,156,112,13210,1819,220,2570,1229,726,275,4133,3536,6659,3927,9466,590,64,10277,8139,1334,752,9491,7164,13612,2536,1233,6031,17793,1928,953,1008,1719,2435,12848,10208,3124,318,1140,26417,2379,272282,672007,...,...,...,...,...,79,...,...,...,...,...,...,...,...,...,...,...,...,944368
GFGD,...,...,...,...,...,...,...,...,...,...,...,...,...,...,...,...,...,...,...,...,...,...,...,...,...,...,...,...,...,...,...,...,...,...,...,...,...,...,...,...,...,...,...,...,...,...,...,...,...,...,...,...,...,...,...,...,...,...,...,...,...,...,...,...,...,...,...,...,...,...,...,...,...,...,...,...,...,...,...,676530,...,...,...,...,...,...,...,...,...,...,...,676530
GFGN,...,...,...,...,...,...,...,...,...,...,...,...,...,...,...,...,...,...,...,...,...,...,...,...,...,...,...,...,...,...,...,...,...,...,...,...,...,...,...,...,...,...,...,...,...,...,...,...,...,...,...,...,...,...,...,...,...,...,...,...,...,...,...,...,...,...,...,...,...,...,...,...,...,...,...,...,...,...,...,...,...,...,...,420762,...,...,...,...,...,...,...,420762
GFE,12,2,...,6,...,142,5,...,...,9,30,318,0,153,...,...,...,23,...,1,...,...,64,88,70,...,13402,607,366,257,4022,5,...,2969,6862,313,38,854,290,497,382,296,1287,2213,12042,113,...,5,336,544,335,164,2143,157,1211,106,431,816,1748,269,327,123,90,700,2891,1180,0,120,2,1403,127,62966,6021,...,...,...,...,...,912,...,...,...,...,...,...,...,...,...,...,...,...,69900
GSLG,...,...,...,...,...,...,...,...,...,...,...,...,...,...,...,...,...,...,...,...,...,...,...,...,...,...,...,...,...,...,...,...,...,...,...,...,...,...,...,...,...,...,...,...,...,...,...,...,...,...,...,...,...,...,...,...,...,...,...,...,...,...,...,...,...,...,...,...,...,...,...,...,...,...,...,...,...,...,...,...,...,...,...,...,...,...,...,1897764,...,...,...,1897764
GSLE,...,3,...,...,...,2716,...,41,124,191,182,112,36,40,118,60,36,56,805,47,8,164,45,421,1315,138,1157,414,294,152,1033,2,...,...,261,15,7,132,484,75,55,192,78,500,203,105,...,...,946,1013,610,177,2131,423,1920,121,98,805,1142,381,2817,56,327,655,1687,1275,526,272,149,6158,960,36471,75841,...,...,...,...,...,...,...,...,...,...,...,...,...,...,...,...,...,...,112312
Other,1159,63,1400,78,555,945,2265,239,264,753,971,1557,1427,454,1772,675,180,561,2649,124,35,580,313,3797,2886,718,6164,60,652,738,3579,16760,220,2592,1326,18,55,489,108,1030,410,8018,912,3353,35655,1808,216,1877,3492,954,404,1262,3252,1704,1641,118,649,...,...,337,...,300,314,756,2039,539,7402,4154,779,...,...,142555,-66068,...,10357,...,...,...,201465,...,...,...,...,...,...,...,...,...,...,...,...,288310
Used,-30,181,...,-15,214,8957,3465,...,123,41526,536,7,...,...,...,...,...,152,...,32,...,5551,...,...,85,81,...,33,...,...,430,128,...,-87,1214,3,140,11668,3,...,329,6,...,...,...,...,...,...,...,-35,...,...,...,187,...,...,3938,4,...,...,...,-80,1036,...,...,12000,-44,...,...,...,...,91734,192578,-132399,...,-1044,-3105,2411,40487,...,0,...,-4,...,3017,...,-27,...,8751,...,4619,207019
T005,261794,15261,182091,51199,37176,167962,797302,76326,72319,177531,225212,256847,85812,70501,622820,195494,51390,76502,704710,32308,10713,128102,50498,431136,479350,165811,829392,116687,92321,95816,487424,106038,38535,39681,214688,51705,7313,129017,69436,94100,77335,440566,201673,325406,364805,663049,138137,247639,886429,125902,97916,114514,590428,259364,452699,51164,113623,363201,475083,104193,87401,64082,72672,108376,416246,296403,272152,130186,28786,804347,211664,16383760,14544601,1240954,1003816,807129,650223,49100,2178432,676530,93378,75059,7437,420762,20181,111062,14741,1897764,50370,41539,339051,40605889
V001,30021,27650,30969,19258,36355,88212,592431,24601,31626,34311,107127,101375,161414,38908,80455,89014,22474,58347,120465,12429,7675,31580,26610,21304,110953,50666,558603,128210,102896,96578,322791,61865,23918,7795,109198,30523,8502,102054,64787,158609,39071,113874,88091,289234,259549,298839,2883,21201,106905,40828,143240,308512,674299,360022,449189,33753,209398,605005,426387,142804,131550,66178,58965,92248,327217,336541,268601,196921,61524,1443412,115693,11444495,...,...,...,...,...,...,...,...,...,...,...,...,...,...,...,...,...,...,...,...
V003,117587,9693,125443,35434,16904,182514,289232,15814,31687,27239,49895,57364,133637,25972,79607,72886,8234,36380,117114,4208,1324,27722,12867,132340,261056,30070,426878,43786,30256,12182,175612,57289,21284,6064,60944,22720,38315,29101,9252,138094,41474,311566,175604,398867,46880,282557,25697,1824364,386370,198280,118061,61062,291827,41673,138330,24894,50547,163638,72950,8336,10355,67782,22173,61499,92262,99485,164826,120801,7287,222497,65245,8571191,...,...,...,...,...,...,...,...,...,...,...,...,...,...,...,...,...,...,...,...
T00OTOP,10258,1305,23988,2920,2024,34377,8934,698,1514,2522,3051,3622,8461,1180,3683,2837,398,1656,7204,615,289,1789,752,3738,14717,1688,13676,3716,3517,3555,12685,3813,1483,877,4276,917,3647,2350,844,5184,3788,3731,4309,18507,4688,7263,779,264665,29872,9296,1325,2079,10185,8148,4317,2006,8974,8618,12379,3675,1234,2773,4127,6487,4465,10940,...,...,...,...,...,643391,...,...,...,...,...,...,...,...,...,...,...,...,...,...,...,...,...,...,...,...
VABAS,157866,38648,180401,57613,55283,305103,890596,41114,64827,64072,160073,162362,303513,66061,163744,164737,31107,96382,244783,17252,9288,61091,40229,157381,386726,82424,999157,175712,136669,112315,511087,122967,46685,14737,174419,54161,50464,133505,74882,301888,84333,429171,268004,706608,311117,588659,29359,2110230,523147,248404,262626,371653,976311,409843,591835,60652,268918,777261,511716,154815,143139,136733,85265,160234,423945,446967,433428,317722,68812,1665910,180939,20659077,...,...,...,...,...,...,...,...,...,...,...,...,...,...,...,...,...,...,...,...
T018,419659,53909,362492,108812,92458,473065,1687898,117440,137146,241603,385285,419209,389325,136562,786564,360231,82497,172884,949494,49559,20001,189193,90727,588518,866077,248235,1828548,292399,228989,208131,998511,229005,85220,54417,389107,105866,57777,262522,144318,395988,161667,869736,469678,1032014,675922,1251708,167495,2357869,1409577,374306,360542,486167,1566739,669208,1044534,111816,382542,1140462,986799,259008,230540,200815,157937,268610,840190,743369,705579,447908,97598,2470257,392602,37042837,...,...,...,...,...,...,...,...,...,...,...,...,...,...,...,...,...,...,...,...
T00TOP,...,645,12700,3229,243,30161,2088,130,141,148,1111,247,412,122,262,110,44,354,20224,17,16,126,57,685,4068,750,263133,48974,23875,40009,113599,24386,806,329,555,1117,70,309,145,1338,3531,37483,1785,2691,1364,26351,42,...,1434,13375,16830,5114,5898,1520,6573,1875,939,1552,2854,3218,1019,6819,9797,26758,57655,14296,...,...,...,...,533,848037,...,...,...,...,...,...,...,...,...,...,...,...,...,...,...,...,...,...,...,...
T00SUB,-21786,...,...,...,...,...,...,...,...,...,...,...,...,-304,...,...,...,...,...,-27,...,...,...,0,-10,...,...,...,...,...,...,-287,-2563,-29,0,...,...,...,...,...,...,-6,...,-393,...,...,...,-18735,-1868,...,...,...,...,...,...,...,...,...,-12,...,...,...,...,...,...,...,...,...,-6439,...,-21430,-73889,...,...,...,...,...,...,...,...,...,...,...,...,...,...,...,...,...,...,...,...
VAPRO,136080,39293,193101,60842,55526,335264,892684,41243,64968,64220,161184,162609,303924,65879,164006,164847,31151,96736,265007,17242,9304,61217,40286,158066,390784,83174,1262290,224686,160543,152324,624686,147066,44927,15037,174974,55277,50534,133814,75027,303226,87863,466648,269789,708906,312481,615010,29401,2091495,522713,261778,279455,376767,982209,411364,598408,62527,269858,778813,514557,158033,144158,143552,95062,186992,481600,461262,433428,317722,62373,1665910,160042,21433225,...,...,...,...,...,...,...,...,...,...,...,...,...,...,...,...,...,...,...,...