101,102,103,201,301,401,501,601,701,801,802,901,1001,1101,1102,1103,1104,1105,1106,1107,1108,1109,1201,1202,1205,1301,1302,1303,1304,1305,1306,1401,1402,1501,1502,1601,1701,1801,1802,1803,1804,1901,1902,2001,2002,2003,2004,2005,2101,2102,2201,2202,2203,2204,2301,2302,2303,2304,2401,2403,2404,2405,2501,2502,2601,2605,2701,2801,2901,3001,3002,3101,3201,3301,3901,4401,4501,4601,4701,4801,4901,5101,5201,5401,5501,5601,5701,5801,6001,6201,6301,6401,6601,6701,6702,6901,7001,7210,7310,7501,7601,7701,8010,8110,8210,8401,8601,8901,9101,9201,9401,9402,9501,9502
1789.93,191.17,50.77,0.04,0.01,0.64,5.94,0,0,0,0,0,0,15804.43,0.65,4551.15,4.8,212.87,1926.07,75.13,26.78,191.35,10.53,287.72,150.82,186.69,69.59,876.96,0,0.06,0,0,0,0,1.01,0,0,29.92,39.6,50.81,23.63,0,0,0,0,0,0,0,0,0,0,0,0,0,0,0,0,0,0,0,0,0,0,0,0,0,0,0,0,0,0,0,0,195.77,835.97,25.35,21.74,0,0,0,0,0,0,0,0,0,0,0,0,0,0,0,0,0,0,36.03,0,0,5.95,0,0,6.55,0,0,0,0,31.56,0,0,0,0,0,1.96,79.59
37.6,138.74,107.24,0,0,4.24,0,0,0,0,0,0,0,4299.18,0.14,106.42,0.07,0.85,2.18,42.69,41.69,178.04,0,0,0,0,0,0,0,0,0,0,0,0,0,0,0,11.88,0.13,0,0.3,0,0,0,0,0,0,0,0,0,0,0,0,0,0,0,0,0,0,0,0,0,0,0,0,0,0,0,0,0,0,0,0,153.29,401.37,64.67,189.45,0,0,0,0,0,0,0,1.94,0,0,0,0,0,0,0,0,0,2.87,5.08,0,0,0,0,0,7.51,25.12,30.56,2.01,40.13,12.73,0,72.85,18.02,0,0,0.8,0
1709.67,351.79,670.13,0.11,0.04,0,2993.64,0,0,0,0,0,0,12.03,0.12,10.88,989.4,18.64,2.41,91.88,1766.05,999.54,30.44,9.24,2532.66,3.06,0.88,4.37,0.05,0.33,0.25,0,0,0,0,0,0,1.38,0,3.64,0.92,418.92,63.93,0,0,0,0,0,0,0,0,0.69,0.18,0.67,0,0,0,0,0,0,0,0,23.04,0,2.83,3.54,0,19.33,0,134.42,57.94,48.57,650.48,46.6,494.2,239.96,945.01,1.93,5.56,6.03,0,0,2.37,0,29.33,0,0,0,1.63,3.59,0,0,33.86,0,36.84,30.31,0,16.96,9.92,47.26,11.05,16.07,37.1,65.26,9.68,181.02,61.6,20.95,126.43,90.55,6.45,4.96,132.25,3.77
0,0,0,56.05,0,0,0,0,0,0,0,0,0,0,243.05,0,0.28,91.09,0.34,24.26,11.6,221.96,0,0,0,0,0,0,0,0,0,0,0,0,0,0,0,0,0,0,0,0,0,0,0,0,0,0,0,0,0,0,0,0,0,0,0,0,0,0,0,0,0,0,0,0,0,0,0,0,0,0,0,10,267.94,92.09,167.65,0,0,0,0,0,0,0,0,0,0,0,0,0,0,0,0,0,0,0,0,0,0,0,0,0,0,0,0,0,0,0,0.5,9.1,0,0,0,0
44.45,12.49,21.13,0,249,0,0.02,3.73,5.07,0,0,0,0,0,0,0,0,0,0,0,0,0,0,0,0,0,0,0,0,0,0,1738.76,740.29,0,0,3.45,13.76,35.13,0.05,159.29,43.55,43.27,0,0,0,0,0,0,0,0,0,0,0,0,0,0,0,0,0,0,0,0,0,0,0,0,0,0,0,0,0,0,0,0,0,0,0,0,2.1,0,0,0,0,0,0,0,0,0,0,0,0,0,0,0,0,0,0,0,0,0,0,0,0,0,0,0,0,0,0,0,0,0,0,0
21.56,5.92,19.33,0,0,4.86,0,0,0,0,0,0,0,0,371.73,0,1.53,1.13,3.02,2.31,0,24.64,2.64,0,0,0,25.28,0,0,0,0,0,0,0,0,0,0,0,0,0,0,0,0,0,0,0,0,0,0,0,0,0,0,0,0,0,0,0,0,0,0,0,0,1.41,0,0,0,0,0,0,0,0,0,24.93,518.97,24.46,75.5,0,0,0,0,0,0,0,0,0,0,0,0,0,0,0,0,0,0,0,0,0,0,6,0,0,0,0,0,0,0,1.95,0.62,2.04,0,0,0,0
2848.54,150.64,2976.17,27.58,616.96,199.4,116.6,10.66,0,17.58,87.57,5.37,0,0,0,0,0,0,0,0,0,0,0,0,0,0,0,0,0,0,0,0,0,0,0,0,0,0,0,0,0,0,0,0,0,0,0,0,0,0,0,0,0,0,0,0,0,0,0,0,0,0,0,0,0,0,0,0,0,0,0,0,0,7.47,0,0,0,2.78,0,0,0,0,0.94,0,0,0,0,0,0,0,0,0,0,0,0,3.97,0,0,0,43.64,0,1.18,0,0,0,0,0,0,0,0,0,0,0,0
0,0,20.61,0,0,0,0,63.5,0,27.34,18.34,12.31,0,7.44,0,0,3.09,2.28,7.47,0,8.51,2.09,0,0,0,2.33,0,0,0,0,0,0,0,25.91,0,0,14.31,0,0,18.23,0,0,0,1.8,0,36.94,0,1.75,940.02,414.35,0,40.84,40.25,0,0,0,0,0,0,0,0,0,0,0,2097.8,0,0,0,0,0,0,0,0,0,0,0,0,0,0,0,0,0,0,0,0,0,0,0,0,0,0,0,0,0,0,0,0,0,0,0,0,0,0,0,0,0,0,0,0,0,0,0,0,0
73.44,0,11.52,9.44,0,0,0,31.91,483.31,225.93,77.13,25.37,0,76.05,0.52,93.31,24.31,48.95,46.44,40.81,37.66,92.22,24.72,22.62,37.15,0.24,0.15,4.35,0.24,1.61,0,5.09,34.03,53.09,59.4,11.25,8615.7,1.44,0.68,1553.9,3.6,201.03,16.48,213.41,38.95,43.52,102.75,30.59,118.37,607.08,8.63,52.79,28.49,33.79,16.42,4.71,7.8,7.02,6.55,2.59,2.34,8.32,2.64,2.07,1799.48,1.89,72.47,0,0.8,83.33,140.87,0,44.66,2555.22,31.94,23.11,590.74,289.03,4.31,6.12,1.4,168.84,22.99,15.12,6.22,0,0,25.24,0,0,0,0,26.21,4.5,21.77,129.13,0,44.68,0,41.53,24.57,13.82,43.58,38.17,4.7,123.48,129.76,2.15,7.11,4.23,18.1,4.87,21.63,9.41
0,0,0,0,0,0,0,2.91,0,0,0,0,0,0,0,0,0,0,0,0,0,0,0,0,0,0,0,0,0,0,0,0,0,0,0,0,0,0,0,0,0,0,0,0,0,0,0,0,820.64,10.59,0,0,0,0,0,0,0,0,0,0,0,0,0,0,0,0,0,0,0,0,0,0,0,0,0,0,0,0,0,0,0,0,0,0,0,0,0,0,0,0,0,0,0,0,0,0,0,0,0,0,0,0,0,0,0,0,0,0,0,0,0,0,0,0
0,0,0,0,0,0,0,0,0,0,0,0,0,0,0,0,0,0,0,0,0,0,0,0,0,0,0,0,0,0,0,0,0,0,0,0,0,0.05,0.11,283.79,2.97,0,0,0.27,7.22,527.83,24.19,180.65,783.07,32932.52,0,0,0,0,0,0,0,0,0,0,0,0,0,0,0,0,0,0,0,0,0,0,0,20.01,0,0,0,0,0,0,0,0,0,0,0,0,0,0,0,0,0,0,0,0,0,0,0,0,0,0,0,0,0,0,0,0,0,0,0,0,0,0,0,0
0.67,0.18,0.66,0,0,0,0,21.71,21.11,11.84,51.66,6.8,0,0,0,0,0,0.01,0,0,0.01,58.35,0,0,0,0,0,0,0,0,0,0,0,0,0,0,2.13,0,0,34.87,0.02,0.52,0,277.41,106.36,626.79,51.33,185.92,114.02,1.67,35.56,3.88,3.48,18.42,0.12,0.14,0.25,0.2,0.14,2.47,0.29,3.6,0.13,36.87,0,0,0,22.1,0,122.85,122.99,172.62,1731.53,0,16.09,0.95,1.92,0,0,0,0,0,0,0,0,0,0,0,0.93,0,0,0,1.11,2.36,3.22,3.19,0,0.73,0.28,0,0,0,1.76,1.67,0,3.35,3.8,0,8.06,11.48,0,0,5.54,0.41
0,0,0,0,0,0,0,5954.96,842.05,2712.56,4813.5,699.44,79.5,0,0,0,0,0,0,0,0,0,0,0,0,0,0,0,0,0,0,0,0,0,0,0,0,0,0,0,0,0,0,0,0,0,0,0,0,0,0,0,0,0,0,0,0,0,0,0,0,0,0,0,0,0,0,0,0,0,0,0,0,0,0,0,0,0,0,0,0,0,0,0,0,0,0,0,0,0,0,0,0,0,0,0,0,0,0,0,0,0,0,0,0,0,0,0,0,0,0,0,0,0
85.1,31.56,0.96,0,0,0,0,0,2.47,0,0,0,0,694.09,1.44,0.41,70.56,35.64,22.27,686.83,29.29,858.68,5.18,0.61,1.04,0,329,1.19,0,0.04,0.13,0,0,0,0,0,0,3.29,2.28,86.64,22.6,0,0,0,0,0,0,0,0,0,0,0,0,0,0,0,0,0,0.29,0.96,0.11,0.7,0,6.73,0,0,0,0.86,13.94,1.5,7.4,9.71,54.43,800.76,404.5,384.87,6479.81,0,0.8,0,0,0.96,0,0,0,0,0,0,0,0,0,0,2.37,0,2.59,63.68,0,18.61,8.56,0,3.97,28,32.18,45.39,2.5,325.27,247.69,1.56,1.58,11.41,18.32,0.34,6.95,11.92
0,0,0,17.21,0.04,6.22,4.63,0.7,0.63,0.53,7.4,0,2.29,4.43,1.83,0.39,3.31,0,1.25,25.17,1.81,97.78,0.31,1.82,0.05,0,0,0,0,0,0,0,0,0,0,0,0,4.79,0,16.36,5.41,0,0,0,0,0,0,0,0,0,0,0,0,0,0,0,0,0,0,0,0,0,0,0,0,0,0,0,0,2.23,2.31,0.77,0,143.1,84.93,50.64,224.27,0,0,0,0,0,0,0,0,0,0,0,0,0,0,0,0,0,7.7,10.07,0,2.69,1.1,11.39,10.43,12.6,13.97,26.73,2.25,61.02,86.69,0,1.47,21.68,0,0,0,0
57.85,19.28,0.44,0,0,0,0,0,0.87,4.44,13.14,0,0,14.74,0.02,2258.37,2.29,93.22,7.65,147.06,123.04,368.55,9.9,0.05,12.05,0.06,0.04,0.09,0.29,0.05,0.09,0,0,0,0,0,0,27.97,0.02,3.06,26.18,0,0,0.16,0.06,0.13,0.08,0.18,0,0,0,0,0,0,1.56,1.33,1.86,2.25,1.59,0.74,0.26,0.16,0.93,8.99,0.27,0.56,0,8.31,47.35,10.99,10.43,11.56,23.15,95.64,286.29,127.05,576,3.23,1.83,0,0,14.05,0,0,0.88,0,0,0,0,0,0,0,4.85,0,10.99,89.25,0,44.07,17.86,0,5.55,54.68,57.68,84.74,12.53,472.85,526.73,3.76,1,22.88,18.31,4.97,31.93,32.14
0.54,0.35,0.49,0,0,0,0,0,0,0,0,0,0,21.27,0.41,3.5,133.11,1.1,26.18,165.05,7.53,20.49,9.42,0.18,0.26,0,0,0,0,0,0,0,0,0,0,0,0,0.13,0.07,0.18,0.02,0,0,0,0,0,0,0,0,0,0,0,0,0,1.05,0.25,0,0.05,0,0,0,0,0,0,0,0,0,0,0,0,0,0,0,1.86,30.9,31.77,287.16,0,0,0,0,0,0,0,0,0,0,0,0,0,0,0,0,0,0,0,0,0,0,0,22.2,17.48,12.88,18.71,2.01,98.83,185.17,0,1.32,6.98,0,0,0,5.91
0,0,0,0,0,0,0,0,0,0,0,0,0,0.2,6.13,25.19,36.05,383.8,21.25,167.1,22.54,162.06,5.22,0,0,0,0,0,0,0,0,0,0,0,0,0,0,25.48,0,13.2,5.27,21.81,0,0,0,0,0,0,0,0,0,0,0,0,0,0,0,0,0,0,0,0,0,0,0,0,0,0,0,0,0,0,0,0,5.3,4.9,74.44,0,0,0,0,0,0,0,0,0,0,0,0,0,0,0,0,0,0,0,0,0,0,0,0,0,6.86,11.89,0.94,3.05,5.1,0,0,0,0,0,0,0
8.71,10.13,9.78,0.63,1.02,0.29,0.29,0,0,0,0.46,0,0,27.39,0.13,21.59,75.41,0.72,123.04,850.3,140.07,152.17,40.9,112.13,0.05,0,0.02,0.18,0,0,0.05,0,0,0,0,0,0,0,0,0,0,0,0,0.08,0.06,0.1,0.27,0.09,0,0,0.04,0.15,0.03,0.1,0,0,0,0,0.21,0.16,0.41,0.15,0,0,0,0,0,0,0,0,0,0,1.8,10.81,173.31,107.5,328.16,0,0,0,0,0,0,0,0,0,0,0,0,0,0,0,0,0,0,0.78,0,0,0,0,9.93,21.65,18.29,30.15,4.11,113.19,188,0,2.56,16.72,0.26,0.48,0,0
3.35,0.57,2.44,0.39,0.03,0.39,1.29,19.04,2.73,9.75,34.38,1.53,18.25,0.67,0.68,29.47,2.65,1.35,1.72,77.84,49.9,65.16,0.88,0.36,0.44,0,0,1.55,0,0,0,0.17,0.67,2.44,2.76,0.89,25.26,3.61,0.06,2.94,1.65,2.17,2.93,0.75,0.24,0.98,0.24,0.18,2.04,0.22,0.68,2.71,1.23,2.43,0.69,2.89,2.59,6.82,1.7,5.23,0.27,2.51,0.97,0.1,0.33,0.55,8.79,1.75,19.58,0,0,0,13.08,53.8,156.3,72.59,1056.67,1.1,1.86,5.25,0,3.45,0,0,0.87,0,0,0,0,0,0,0,1.87,0,2.73,33.72,0,8.01,3.96,9.22,40.8,17.66,58.57,109.28,12.79,45.86,171.67,1.84,4.37,20.59,0.65,0.26,6.37,3.48
0.71,0.21,0.33,0,0,0,0,0,0,0,0,0,0,0.23,2.26,54.5,3.04,1.01,146.64,436.57,938.63,421.65,190.47,28.99,8.81,0,0,0,0,0,0,0,0,0,0,0,1.72,13.73,0,0.09,2.63,0,0,0,0,0,0,0,0,0,0,0.21,0.4,0.9,0,0,0,0,0,1.11,0.38,0,0,0.71,0.57,0.9,0,0,0,0,0,0,0,0,52.96,124.96,878.21,1.91,0,0,0,0,0,0,0.73,0,0,0,0,0,0,0,0,0,0,10.04,0,4.92,2.17,0,4.77,8.28,8.09,9.06,0.9,3.96,57.35,0.77,0.37,8.01,0,0,1.5,0.06
680.35,362.05,2.22,71.82,0.15,20.22,50.95,0,10.73,0,0,0,9.72,16.15,4.31,285.58,594.87,14.57,141.25,550.56,181.03,854.91,9.75,6.83,0.83,0,0,0,0,0,0,0,0,0,0,0,0,2.92,0,15.74,0,4.43,0,0,0,0,0,0,0,0,0,0,0,0,0,0,0,0,1.33,1.25,0.69,1.61,0.94,0,0,0,8.88,0,21.64,0.99,0,0,16.6,35.92,280.62,95.98,787.43,1.01,0,0,0,0,1.15,0,11.88,0,0,0,0,0,0,0,0,0,0,9.49,0,6.96,2.66,16.2,63.62,54.57,23.32,39.18,2.86,78.35,336.17,48.38,607.71,68.66,0.64,2.21,48.16,2.22
0.29,0.07,0.24,0,0,0,0,0,0,0,0,0,0,0,0,0,0,0,0,0,0,0,55.58,0.03,3.88,0,0,0.6,0,0,0,0,0.62,0,0.71,0.7,0,0,0,0,0,0.34,0.43,0,0,0,0,0,0.51,0.05,0,0,0,0,0.04,0.09,0.22,0.47,0,0,0,0,0,0,0,0,0,0,0,0,0,0,0,0.74,0.95,1.97,38.33,0,0,0,0,0,0,0,0,0,0,0,0,0,3.85,1.37,0,0,0,0,0,0,0,0,3.75,0,0,0,0,0.36,1.04,0,14.2,18.85,0.49,0.23,0.61,0.06
12.47,0.29,2.39,0.09,0.01,0.21,7.21,1.36,2.84,0.66,7.96,0.79,0,0.04,0.09,0.26,0.16,0.22,0.1,0.17,0.21,0.23,15.29,198.53,5.55,0,0,0.83,0,0,0,0.22,0.68,0.79,0.13,0.47,0,0.11,0.05,0.13,0.07,0.68,0.21,0.33,0.12,0.08,0.24,0.04,1.19,0.04,0.09,0.48,0.13,0.23,0.26,0.89,0.02,0,0.06,0.15,0.02,0.62,0.05,0.4,0,0,0,0.47,0,0.96,0,0.97,0.96,5.45,4.98,239.65,1110.88,1.17,0.99,0,12.26,0,0,0,0,0,0,0,0,16.2,0,0,1,0,1.46,0.98,0,0.67,0.31,18.76,6.81,0.97,0,17.73,0.98,0.52,1.89,0,5.18,39.78,1.06,0.38,1.44,0.36
1.12,0.26,4.22,0.6,0.01,0.21,1.2,1.23,1.77,0.61,2.85,0.65,0,1.11,0,0.01,1.46,0.02,0.46,0.58,1.95,1.67,2.2,0.32,118.05,0,0,1.03,0,0,0,0.14,0.13,0.65,0.12,0.19,0,1.01,0,1.91,0.01,0.35,0.35,0.14,0.04,0.25,0.12,0.01,0.4,0,0.13,0.11,0.48,0.13,0.19,0.13,0.13,0.58,0.23,0.16,0.11,0.15,0,0,0,0,0,0,0,0.44,0,1.24,0.82,2.53,1.81,81.09,726.78,0.65,0.77,0,4.54,0,0.62,0,0,0,0,0,0,24.04,0,0,0,0,1.03,0.42,0,0.7,0.3,11.63,2.14,0.51,0,7.9,0.55,0.31,0.1,0,0.61,10,0.37,0.15,0.45,0.05
0.38,0.09,0.13,2.51,0.02,4.45,2.75,0,0,0,4.57,0,0,5.56,0,0.01,0.01,0,0.01,0.01,0.04,0.01,6.25,1.92,2.47,10.86,0.04,150.88,0.47,18.22,1.03,0,0,0,0,11.88,0,2.08,0,0.28,0.01,22.01,0.68,0,0,0,0,0,0,0,0,0,0,0,9.89,3.45,8.19,21.38,3.33,0.36,0.26,3.07,117.04,2.06,0,0,0,0,0,0.99,2.03,1.02,0,0,4.65,0,0,0,0,0,0,0,0,0,0,0,0,0,0,0,0,0,0,0,0,0.79,0,0,0,0,0,0,202.48,110.13,0,28.29,15.38,0,0,0,1.11,9.32,0,0
0,0.01,0.59,0,0,0,0,0,0,0,0,0,0,0.4,1.53,2.43,8.39,41.16,0.29,0.91,10.82,12.61,4.61,2.57,2.73,0.89,35.74,1.47,0.36,1.84,3.46,0.58,1.13,3.12,0.34,2.61,2.22,7.19,6.87,34.67,0.97,11.81,3.95,8.25,1.75,17.08,73.77,40.16,2.05,7.82,11.54,1.01,0.49,54.37,12.83,29.04,0.73,0,2.65,0.56,0.38,33.47,22,26.35,0.72,3.74,8.04,0.89,0,36.75,5.44,13.69,85.13,64.47,13.99,4.44,0.89,18.14,18.65,2.78,18.27,43.08,0,0,0.64,0,0,0,0,3.9,0,0,0,0,0,56.7,0,31.22,17.34,22.21,269.25,24.31,23.77,66.22,5.22,2.76,1.76,19.51,17.22,22.43,1.31,2.3,12.98,3.01
6.42,0.85,21.21,6.3,1.37,16.4,12.46,3.78,23.06,2.57,19.21,0.7,0.86,30.58,0.74,18.51,1.19,2.81,25.77,11.47,25.02,38.48,4.85,0.27,0.77,0.35,7.19,50.13,0.01,1.4,3.1,0.59,8.72,1.26,12.1,16.03,1.85,4.66,0,34.96,7.55,46.67,2.07,6.32,1,5.45,25.67,1.32,20.1,0.12,0.69,25.4,2.76,34.14,23.92,46.22,6.38,28.09,12.52,3.03,0.53,3.8,53.99,0.62,0,0,0,0,49.85,271.98,246.58,55.86,288.87,138.91,145.36,45.85,7.26,116.35,15.25,6.54,0,6.39,1.67,0,3.14,0,0,0,0,0,0,0,13.43,1,4.36,40.81,0,14.7,16.92,12.64,46.98,42.85,24.72,43.31,5.26,251.39,132.94,4.6,8.32,12.74,14.59,9.26,71.92,23.14
0,0,0,0,0,0,0,0,0,0,0,0,0,0,0,0,0,0,0,0,0,0,0,0,0,0.01,0,3.35,0.42,55.5,0,0,0,0,5.72,0,0,0,0,0,0,0,0,0,0,0,1.11,0.01,0,0,0,0.29,0.69,0,0,0,0,0,0,0,0,0,1,3.16,0,0,0,0,0,1.15,0,0,0,9.08,68.62,0,2.18,0,0,0,0,0,0,0,0,0,0,0,0,0,0,0,0,0,0,3.6,0,0.75,0.3,0,6.7,0,0,0,0,64.56,28.62,0,1.88,2.12,0,0.76,0,0
7.18,1.83,6.19,4.29,0,6.11,6.59,67.21,17.3,17.19,72.82,5.16,9.44,12.54,0.01,0.82,0.1,0.06,0.53,3.29,6.59,0.84,1.97,0.13,0.32,0.94,4.87,12.8,0,72.35,20.77,0.02,0.42,0,6.69,7.64,5.24,0.34,0.01,2.88,0.21,1.28,0.03,5.54,0.3,3.61,2.2,0.22,2.76,0.18,0.14,47.24,11.99,26.45,8.56,6.12,4.9,5.8,4.6,2.26,1.42,9.3,4.81,18.3,4.45,8.19,5.35,0.95,63.92,30.84,12.22,13.28,97.2,195.4,116.21,10.96,20.26,10.97,17.76,4.91,0,17.73,8.15,0,4.27,8.82,0,23.26,1.44,3.5,0,0,5.02,0,4.97,15.11,0,18.2,7.61,40.75,82.57,68.11,27.7,41,7.3,299.5,450.49,8.16,16.51,12.26,16.29,12.06,72.46,19.67
3.44,4.46,1.89,0.39,0.01,0.83,15.29,27.23,18.48,9.18,25.48,0,0,4.33,0.01,4.7,1.12,0.31,2.04,2.21,5.09,1.01,4.8,2.86,0.93,0.01,20.14,6.25,0.01,1.09,56.34,0,3.86,0,0,7.15,0,1.04,0,3.82,1.17,9.92,1.22,1.62,0.32,6.76,1.76,0.89,4.48,0.16,1.47,6.32,0.97,3.2,1.36,2.19,5.03,20.96,2.36,1.01,0.3,4.08,1.42,1.92,13.95,22.63,28.7,0,0,46.59,0,0,15.8,62.98,19.02,10.77,4.2,11.79,7.6,0,0,14.97,2.83,0,4.72,0,0,48.05,0,0,0,0,0,0,9.28,30.46,0,6.12,16.02,0,6.75,12.83,12.6,7.87,0,344.53,83.52,14,11.02,13.74,20.36,36.29,13.28,5.39
6.9,2.01,1.43,0.29,0.24,0.52,1.98,0.59,0,0,1.38,0,0,0,0,0,0,0,0,0,0,0,0,0,0,0,0,0.68,0,0,0,91.34,1123.69,271.66,0,0,0,0,0,0,0,0,0,0.1,0.04,0.09,0.07,0.12,1.69,0.06,0,2.73,0.15,0.08,0.13,0.65,0.01,0,0.26,0.04,0.05,0.53,433.56,4.52,0,0,0,0.74,0,615.69,70.82,205.25,1927.37,32.42,27.42,0.69,1.38,0.76,1.24,0,0,0,0,0,0,0,0,0,0,0,0,0,0,0,0,0.72,0,0,0,0,3.09,0,5.3,5.85,0.62,0,0,0,0,0,0.23,45.78,0,0
7.25,2,3.04,1.87,0.03,2.71,2.73,0.83,1.26,2.99,23.99,1.46,1.82,0,0.02,0,0,0,0.08,0.84,0.02,0.66,1.7,0.59,0.39,0,0.02,4.65,0,0.01,0.02,2.11,1.79,2.45,0.65,0.87,16.17,0.03,0.12,1.04,0,29.03,0.99,11.03,0.76,2.08,24.56,2.03,10.39,0.5,0.02,104.88,4.26,12.61,2.71,27.37,19.57,37.01,1.82,1.02,1.14,20.3,303.29,10.64,0,0,0,17.77,20.99,6484.59,898.53,568.8,2974.34,32.33,27.01,2.64,2.8,29.13,1.98,1.13,0,3.56,22.45,0,2.45,0,0,0,0.75,0,0,0,1.89,0,3.03,0.94,0,0,1.07,1.75,15.13,3.65,59.4,118.69,31.56,1.42,1.38,7.99,0.84,0,2.66,26.07,1.94,0.02
0.57,0.06,0.81,0,0,0,0,0,2.11,1.14,13.8,0.68,21.21,0.13,0.1,2.3,1.95,0.22,20.26,0.34,0.86,1.13,33.01,4.73,0.38,0.01,0,1.44,0,0,0,0.79,18.85,152.36,665.09,517.67,6.16,0,0,20.43,0.97,21.14,3.83,4.92,1.95,22.77,31.25,4.28,2.02,0.1,0.19,6.83,0.3,2.37,0.75,0.62,0.16,0,1.51,2.91,0.02,1.31,1.02,0.54,0.3,0.56,17.37,0,18.09,85.61,1.67,43.63,48.25,327.22,85.49,4.1,16.5,19.08,3.54,4.87,15.31,22.6,0,628.73,1.65,0,0,0,0.85,21.67,0,63.04,2.6,0,3.39,3.41,1.68,21.99,9.53,142.12,5.1,20.11,0.82,1.66,0,4.96,24.63,15.03,0.35,0.46,0.52,0.54,31.18,4.29
1.68,50.32,3.74,0,0,0,0,1.48,3.6,0.36,6.24,0.43,0.54,99.06,8.16,284.31,85.17,12.93,91.67,38.6,146.17,152.71,353.48,53.8,41.43,0.15,0.23,1.73,0.15,0.6,0.47,0.23,23.45,98.48,190.51,48.21,4.33,264.95,1.02,54.82,27.89,77.54,5.63,2.68,1.14,103.04,4.15,0.94,0.98,0.23,0.03,8.65,1.39,18.51,8,1.13,1.15,0,13.95,4.62,5.48,20.84,2.45,0.53,12.58,13.41,3.57,2.28,13.96,315.31,33.52,159.7,94.96,605.22,537.55,30.41,167.64,8.97,5.39,6.42,15.13,3.95,0.6,6.84,2.27,1.06,0.52,3.73,0,16.83,9.04,13.38,5.27,0,4.29,61.92,4.77,43.69,3.98,95.15,5.2,7.73,43.89,65.8,9.63,217.2,119.56,3.27,1.21,1.96,6.49,11.27,29.63,2.46
1.14,0.03,0.39,0.07,0.02,0.14,1.66,7.9,6.37,1.26,15.46,0.78,1.97,2.75,0.02,6.39,0.4,0.07,2.54,1.37,2.84,2.66,2.94,0.52,0.46,0.11,0.1,0.2,0.1,0.11,0.18,0.32,3.2,7.12,26.86,140.99,2.19,5.33,0,6.93,0.14,6.91,0.03,0.43,0.21,4.62,1.77,0.36,3.33,0.04,0.07,10.12,1.67,6.58,2.88,1.29,1.52,3.38,3.86,3.74,0.33,8,1.64,1.11,3.47,8.09,8.91,0.98,18.26,31.63,0.94,28.29,0,145.24,227.91,5.81,20.1,9.4,1.05,1.09,0.97,33.45,2.26,378.84,337.48,3.05,3,72.2,1.01,31.35,179.8,78.47,17.59,0,31.14,91.69,52.9,31.89,10.53,107.07,36.84,22.57,82.53,85.66,17.94,10.79,23.63,25.17,14.22,21.01,6.47,7.3,21.17,2.93
1210.91,155.71,896.54,172.27,737.92,168.34,119.12,2016.57,289.35,2261.6,1772.92,179.4,160.32,44.48,1.05,26.69,4.38,4.48,7.67,28.94,18.03,24.94,10.1,14.53,31.84,0.74,0.73,1.2,0,0.05,10.38,7.6,20.14,7.36,12.97,11.22,1772.7,7.66,0.19,416.54,22.37,170.79,17.08,19.14,3.14,83.7,12.58,3.85,109.14,1002.5,5.25,88.44,17.54,56.4,19.84,27.78,47.37,21.89,4.81,3.08,1.6,15.7,1.21,5.09,184.94,42.29,2.66,188.87,227.37,891.2,365.38,826.63,3117.95,630.87,314.76,46.42,62.06,4962.22,512.41,824.4,4800.4,509.9,292.47,31.69,42.24,6.33,0,720.86,0.49,160.46,88.15,244.92,93.76,1.91,40.92,413.76,1.21,59.39,18.94,61.84,420.51,131.52,29.82,25.07,6.53,121.36,77.05,6.61,44.33,2.76,93.74,9.16,42.01,13.53
0,0,0,0,0,0,0,9.47,0.86,3.49,16.45,0.83,1.03,0.59,0.03,0.05,0.05,0.37,0.16,0.09,1.1,2.33,0,0,0,0,0,0,0,0,0,0.01,0.91,3.64,2.73,0.5,1.64,86.49,0,0.11,0.04,0.52,0.43,2.91,0,0.19,0.99,0.76,4.09,0.22,0.1,0.72,0.93,5.16,0.01,0.04,0.23,0.27,0.46,0.01,0.01,0.04,0.38,0.08,0.47,0.53,0,0,0,0,5.07,5.62,21.79,36.78,16.27,0.5,0,0,0.53,0,0,0,0,0,0,0,0,0,0,0,0,0,0,0,0,4.14,0,0.36,0.15,0,0.51,0.51,4,5.55,0.51,258.66,12.88,0,0,0,0.84,0.16,3.3,0.23
1070.71,67.05,27.24,0.73,0,0.65,6.71,0,0,0,0,0,0,0,0.01,0,0.43,0,0,0,0.34,1,0,0,0,0,0,0,0,0,0,0,0,0,0,0,0,274.33,350.94,0,21.83,0,0,0,0,0,0,0,0,0,0,0,0,0,0,0,0,0,0,0,0,0,0,0,0,0,0,0,0,0,0,0,2.11,0,0,0,0,0,0,4.51,0,0,0,0,8.4,0,0,0,0,0,0,0,2.18,0,5.47,15.34,0,4.23,22.25,0,0,2.07,43.67,72.85,5.08,26.31,49.7,15.46,1081.63,18.34,0,0,17,0.1
1410.36,58.79,627.1,2.89,1.13,6.04,156.16,315.9,57.61,130.48,636.91,46.16,45.05,16.93,0.66,41.29,4.83,3.15,22.79,8.91,64.73,54.37,19.36,5.61,6.83,0.05,2.55,18.5,0.23,0.54,1.36,10.4,126.31,121.76,215.74,97,1077.9,1428.12,5.49,1483.49,170.64,2663.06,35.88,267.55,14.1,82.11,100.72,67.66,60.92,15.56,1.36,74.3,23.02,112.72,54.21,58.54,41.54,71.14,58.29,156.84,9.41,40.09,27.1,39.97,42.82,83.51,14.1,395.26,46.68,254.59,930.56,570.64,2784.61,282.47,112.39,11.22,5.72,32.61,21.87,2.87,11.75,15.02,9.75,14,33.49,0,0,2.63,0.82,1.11,0,0,69.36,5.69,43.95,120.86,0,5.54,158.5,29.04,69.34,52.37,61.86,113.88,12.17,198.88,373.13,23.5,66.04,107.82,37.75,46.28,225.19,2.95
0,0,0,1.83,0.02,3.29,5.53,40.11,23.22,5.88,20.9,1.5,0,74.68,0.03,1.07,0.16,0.02,1.53,2.15,10.71,2.81,20.13,0.81,5.91,0,0,0,0,0,0,0,0,0,4.44,0,0,28.24,0.12,32.88,54.29,2.93,16.43,8.85,1.87,12.87,1.6,1.81,0.53,0,0,0,0,0,0,0,0,0,6.43,5.06,1.01,15.67,0,0,8.41,5.77,0,33.38,3.48,29.82,3.1,9.35,121.92,498.77,192.03,39.85,118.61,23.89,37.77,0,0,0,4.26,0,0,5.5,0,0,0,0.78,0,0,90.13,0,26.19,115.02,0,66.18,74.7,1.42,37.75,19.12,53.82,83.12,9.9,98.91,156.54,0,14.95,4.99,16.96,12.26,203.89,6.61
17.67,2.2,38.49,13.02,0.79,18.06,11.28,39.64,65.08,33.97,82.37,38.68,41.28,43.54,1.24,279.12,25.75,8.33,45.7,41.75,70.89,70.78,347.84,17.29,21.85,0.01,0.55,42.28,0.02,1.62,0.58,3.8,156,27.41,244.77,394.42,97.25,290.24,1.34,348.99,92.58,788.81,0.21,35.4,3.26,16.88,13.61,11.97,17.74,1,0.51,90.35,13.5,39.11,237.46,16.21,22.24,296.76,135.12,65.22,19.46,91.85,101.07,90.71,4.13,7.92,9.54,109.19,34.06,1120.44,519.37,963.78,5207.62,809.92,496.3,41.79,41.63,624.01,9.16,5.86,39.58,178.98,17.73,45.45,7.68,0,0,0,0.86,0,0,0,16.83,284.4,27.55,60.94,0,22.15,43.3,96.73,140.04,17.93,51.82,82.64,14.36,156.32,81.12,11.75,8.07,7.83,310.89,149.12,97.73,2.04
0.21,0.18,0.2,8.59,0,9.7,1.92,83,43.33,26.16,96.82,2.97,4.72,0.12,0.05,0.23,0,0,0.04,0.83,0.22,1.51,0,0,0,0,0.05,0.33,0,0.17,0.5,0.04,0.72,1.34,3.4,4.32,0,0.22,0,2.47,0.06,6.91,19.96,0.08,0.04,0.11,0.32,0.12,4.38,0,0.09,1.9,3.48,2.73,82.52,14.46,26.38,38.25,4.45,0.78,2.78,46.39,11.85,1.06,23.82,35.9,7.51,3.41,25.57,4.2,52.73,42.55,90.65,254.83,37.48,18.01,2.49,8.15,2.7,0,0,6.57,0,0,0,0,0,0,0,0,0,0,0.92,0,1.92,55.74,0,6.22,23.49,22.47,37.36,24.84,8.3,13.04,0.95,98.29,43.44,0.89,0,0,23.33,95.12,70.8,2.46
0,0,0,0,0,0,0,0,0.72,0,0,0,0,0,0.16,0,84.83,4.59,8.39,0.2,5.79,78.14,166.93,36.22,106.51,0,0,0,0,0,0,4,64.84,0,1.66,0,0,131.29,0.1,56.04,21.06,1.52,0,39.72,0,0,0.1,0.01,0,0,0.19,288.5,0.59,1.31,84.73,8.41,26.75,65.07,3.46,3.76,5.58,15.4,22.1,0.79,0,0,0,0,0,44.9,50.99,68.59,288.65,278.43,36.5,7.45,12.6,0,0,0,0,0,0,0,0,0,0,0,0,0,0,0,6.97,0,2.59,3,0,0,1.01,1.73,7.42,0.83,8.3,10.89,0.84,7.02,1.51,0,0,0,95.34,30.15,5.57,0.36
0,0,0,0,0,0,0,0,0,0,0,0,0,0,0,0,0,0,0,0,0,0,0,0,0,0,0,0,0,0,0,0,0,0,0,0,0,0,0,0,0,0,0,0.39,0.67,2.41,0,0.01,0,6.61,0,11.65,0.21,16.56,0,0,0,0,0,0,1.04,0.87,0,0,0,0,0,0,0,480.61,26.45,108.06,1504.42,0,0,18.99,50.01,0,0,0,0,0,0,0,0,0,0,0,0,0,0,0,0,5.89,2,5.55,0,0,0,0,0,0,11.9,19.82,0.61,43.27,97.92,0,0,0,0,0,0,0
1.69,0,0,0,0.81,0,1.98,12.33,3.11,10.79,39.73,1.55,10.8,0,0,0,0,0,0,0,0,0,0,0,0,0,0,0,0,0,0,1.2,0,0,0,0,4.2,0,0,8.54,0.02,0,0,0.01,3.12,942.9,115.24,13.14,32.39,1.75,0.67,7.65,0.03,1.43,0,0,0,0,0.97,0,0.37,0,0,0,19.58,26.36,8.13,90.59,18.99,1525.95,2103.79,673.52,3281.38,0,0,0,0,0,0,0,0,0,0,0,0,0,0,0,0,0,0,0,2.94,5.68,0,8.87,0,0,0,0,0,0,0,0,0,0,0,0,0,0,0.07,5.63,0,0
0,0,0,0,0,0,0,0.64,0,0.64,4.7,0,0,0,0,0,0,0,0,0,0,0,0,0,0,0,0,0,0,0,0,0,25.43,0,0,0,0,0,0,0,0,0,0,0.01,0.78,0.1,12.13,3.02,2.37,0.1,0.32,47.18,0,0,0,0,0,0,0,0,0,0.81,0,0,7.2,5.14,0,0,0,830.2,620.23,260.97,2763.74,0.97,0.88,0,0,0,0,0,0,0,0,0,0,0,0,0,0,0,0,0,0,0,0,0,0,0,0,0,0,0,0,0,0,0,0,0,0,0,0.75,29.64,0,0
0,0,0,0,0,0,0,5.61,1.49,1.83,5.82,0.59,3.04,0,0,0,0,0,0,0,0,0,0,0,0,0,0,0,0,0,0,0,0,0,0,0,0,0.12,0.38,2.74,0.12,16.97,0,78.75,94.42,47.18,64.99,66.7,4.55,0.31,0.06,5.98,1.08,3.08,0,0,0,0,0,0,0,0,0.4,0.9,2.08,3.73,0,4.72,10.99,577.53,242.61,314.93,949.92,0,0,0,0,0,0,0,0,0,0,0,0,0,0,0,0,0,0,0,0,0,1.68,8.98,0,0,0,1.72,3.65,1.75,0.56,0,0,0,0,0.96,1.55,0,0.24,2.17,97.39,0.09
0,0,0,0.48,0.11,0.05,0.46,147.37,95.96,8.63,117.39,5.51,96.64,0.05,0,0.1,0.05,0.03,0.12,0.39,0.42,0.16,0,0,0,0,0.01,1.86,0,0,0.23,0.29,31.21,0.12,2.47,0.74,15.14,0.44,0,4.09,0.25,8.73,0.58,1.76,0.02,20.54,59.87,0.33,1294.04,1.97,136.63,2192.49,442.12,1059.83,334.73,206.32,90.47,223.48,123.71,89.86,30.41,482.86,153.63,24.17,6.69,18.59,16.42,26.07,27.73,1074.76,382.7,539.9,4802.35,54.56,32.3,0,1.49,0.88,2.31,0,0,1.03,0,0,0.66,0,0,0,0,0,0,0,2.31,22.81,3.77,2.54,0,1.68,0.73,9.16,21.53,4.13,1.51,6.05,0,0.76,3.24,1.39,0.49,0.79,9.22,183.84,5.9,0.17
0,0,0,0,0,0,0,3.57,3.19,4.76,27.76,1.49,0,0,0,16.04,0.13,0,0.01,0.02,5.79,0.01,0,0,0,0.12,0.07,1.97,0,0.01,0,3.31,35.67,0,39.83,0.95,0,0.59,0,3.68,0.9,58.66,1.08,3.78,0.41,3.69,1.08,0.99,13.28,950.64,30.64,1166.29,312.26,794.88,69.24,148.87,71.9,191.78,174.58,258.63,134.57,224.74,60.91,78.73,0,0,0,0.93,0,81.06,45.84,42.19,88.5,310.28,9.88,6.51,12.14,0,2.03,0,0,0,0,0,0,0,0,0,0,0,0,0,0,0,0,11.23,0,2.69,1.16,4.78,13.51,1.9,4.71,12.31,0,9.61,29.36,0,1.09,3.51,5.83,37.83,0,0
0,0,0,0,0,0,0,45,14.03,5.55,36.8,0.79,29.4,0,0,0,0,0,0,0,0,0,0,0,0,0,0,0,0,0,0,0.14,1.11,0,0,0,0,0,0,0,0,0.84,0.04,0.13,0,0.11,19.5,0.15,28.56,0.17,0.17,123.17,5.2,16.77,13,9.67,119.48,0,3.55,9.21,1.31,60.84,6.15,1.76,3.51,7.23,8.49,1.87,0,5.78,8.81,15.77,39.15,13.93,10,0,0.97,0,9.12,1.09,0,2.25,0,0,0,0,0,0,0,0,0,0,0,0,2.99,2.02,0,0.71,0.3,0,0.97,0.96,0,0,0,0,0,0,0.41,0.52,0.28,16,0.92,0.06
9.35,2.19,3.95,10.37,0.22,20.2,17.52,524.68,149.11,296.45,770.87,60.58,139.3,0.01,0,0.11,0,0.15,6.35,0.49,0.01,0.07,29.26,21.75,0,0,0,1.38,0,0.19,0,0,4.65,74.39,0.02,0,0,2.07,0,8.8,0.35,66.11,0.19,105.91,0.41,121.32,483.55,190.09,46.12,0.29,0.05,460.88,9.3,48.23,5.3,14.7,224.36,0,22.97,90.38,6.14,274.2,33.24,24.93,18.7,33.09,8.83,53.38,0,4332.12,1421.7,1199.16,3848.83,71.93,144.28,0,1.84,0,417.78,0.96,0,68.36,0,0,5.93,0,0,0,0,0,0,0,0.94,0,3.01,0.89,0,1.79,0.74,5.4,37.37,0,133.7,208.77,33.78,39,8.75,16.7,14.67,1.3,1.45,83.57,4.02,0
5.13,0,0.1,2.76,0.09,2.28,6.14,31.9,23.28,9.16,93.38,1.56,1.64,1.6,0.23,25.42,6.55,0.32,5.96,0.32,1.23,10.41,198.58,53.89,18.39,0,0,0.78,0,0,0,0.05,6.33,0,1.71,0,18.43,25.34,0,36.34,0.06,71.02,0,0.19,0.05,1.68,0.09,0.22,16.4,1,0.02,67.64,59.95,47.76,96.21,4.83,3.26,0,5.82,6.65,8.65,148.78,4.84,4.84,0.87,0.87,14.98,8.95,0,591.97,181.33,140.79,344.75,39.8,99,23.68,62.51,62.28,4.97,19.22,0,59.91,5.23,0,4.87,0,0,0,2.77,0,0,0,3.83,53.75,10.57,8.89,0,15.19,6.93,8.8,25.01,5.85,7.62,10.92,1.39,88.34,13.77,11.85,5.86,16.99,1.8,20.33,12.88,5.37
25.24,2.94,15.66,16.46,0.87,30.47,21.57,272.29,114.43,34.78,219.73,10.07,5.05,2.56,0.38,2,0.29,0.28,0.79,1.17,3.04,3.16,3.08,1.34,1.31,0.08,0,2.53,0,0,0.41,17.05,196.03,12.87,10.36,6.11,5.36,31.91,0.03,93.79,4.35,81.2,0.94,5.65,9.3,3.73,12.31,13.79,48.72,2.2,1.66,471.02,221.97,286.91,156.33,52.35,22.88,42.42,43.01,40.35,15.99,141.58,74.02,6.95,35.95,62.84,21.15,309.7,44.32,1046.7,221.19,472.72,1742.02,198.61,216.91,7.8,22.92,20.97,3.45,1.82,5.83,4.64,1.03,0,22.74,0,0,0,0.89,2.33,0,0,7.62,59.72,10.66,39.62,0,8.74,7.43,52.42,321.19,39.33,30.41,51.51,2.89,61.79,54.02,23.61,41.58,57.97,52.35,111.37,69.96,9.26
4.98,0.63,4.16,3.76,0.01,14.97,2.28,17.62,5.87,7.19,32.8,1.22,10.59,0.04,0.06,0.13,0.09,0.18,0.12,2.71,0.08,0.19,0,0,0,0,0,0.81,0,0,0,0,0.77,0,0,0,0,0,0,0,0,0,0,9.93,0.07,1.38,1.37,0.47,4.31,0.04,0.04,6.71,0.58,1.16,1749.77,0.42,0.29,0,6.67,6.58,8.74,29.65,1.33,4.19,15.06,2.06,0,0.73,0,58.16,48.86,81.73,179.48,56.93,116.26,3.49,2.83,807.74,11.61,5.08,2.03,34.28,32.19,0,2.13,0,0,0,0,1.31,0,0,4.63,0,3.77,8.51,0,12.05,4.81,6.08,412.06,10.21,26.47,70.9,6.54,3.28,14.46,6.04,3.54,4.59,3492.73,68.43,5.93,1.08
0,0,0,42.2,0,115.38,13.46,0,0,0,0,0,0,0,0,0,0,0,0,0,0,0,0,0,0,0,0,0,0,0,0,0,0,0,0,0,0,0,0,0,0,0,0,0,0,0,0,0,0,0,0,0,0,0,0,9,0,0,0,0,0,0,0,0,0,0,0,0,0,0,0,0,0,22.72,10.91,0,0,0,0,344.92,0,0,123.56,0,0,0,0,0,0,0,0,0,0,0,0,0,0,0,0,1.97,546.12,1.94,0,0,0,0,0,0,1.84,0,0,0,0,0
0,0,0,0,0,0,0,205.39,3.31,103.18,4.76,0,0,0,0,0,0,0,0,0,0,0,0,0,0,0,0,0,0,0,0,0,0,0,0,0,0,0,0,0,0,0,0,0,0,0,0,0,0,4.17,0,0,0,4.84,0,0,1080.41,0,4.46,0,0,0,0,0,0,0,0,0,0,0,0,106.54,0,0,0,0,0,5.64,1027.2,10.04,0,0,21.96,0,0,0,0,0,0,0,0,0,0,0,0,0,0,0,0,0,0,0,0,0,0,0,0,0,0,0,0,0,0,0
6.11,0.33,0.99,0,0,0.01,0.58,0,0,0,0,0,0,0,0,0,0,0,0,0,0,0,0,0,0,0,0,0,0,0,0,0,0,0,0,0,0,0,0,0,0,0,0,0,0,0,0,0,0,0,0,0,0,0,0,0,0,103.59,0,0,0,0,0,0,0,0,0,0,0,0,0,0,0,0,0,0,0,0,0,19.45,2266.96,121.24,33.79,0,0,0,0,0,0,0,0,0,0,0,0,0,0,0,0,35.78,164.53,0,0,23.98,11.88,0,0,0,0,0,0,0,0,0
7.71,2.25,3.5,4.82,0.63,11,16.86,82.17,54.51,29.48,117.72,14.97,46.14,0.14,0.15,0.37,0.26,0.35,0.59,0.33,2.16,1.53,5.17,2.03,1.95,0.17,0.16,0.92,0.16,0.32,0.63,0.75,2.67,4.89,8.17,5.22,8.35,10.3,0.06,7.4,0.38,8.84,2.8,3.08,0.23,0.74,0.22,0.25,13.12,1.18,0.97,22.57,2.19,16.39,11.93,63.1,51.08,90.01,1960.6,197.77,26.71,423.7,13.38,20.06,12.24,13.67,16.12,73.45,149.48,347.36,278.49,413.01,1487.72,362.84,40.35,48.31,42.57,197.9,10.82,6.97,51.78,469.89,70.56,41.05,163.64,211.99,511.01,1268.88,12.23,63.06,109.28,325.85,80.55,31.04,40.57,426.17,399.17,154.11,28.08,118.31,270.21,104.58,933.37,986.95,66.02,4304.76,259.62,110.65,79.02,105.09,216.97,916.56,59.04,3.8
11.79,2.33,18.89,16.13,0.87,26.92,6.01,103.81,32.77,4.59,79.42,3.21,7.86,3.84,0.06,17.61,0.29,0.16,2.94,1.87,7.29,2.47,13.04,4.76,5.65,0.07,0.08,0.91,0.1,0.06,0.13,0.34,1.33,30.96,24.99,1.7,5.6,0,0,3.63,0.55,55.75,8.33,2.59,0.47,8.92,3.09,0.29,14.83,0.13,1.03,58.78,12.13,30.89,16.15,138.59,139.2,83.32,270.92,499.79,90.2,694.17,4.36,9.44,422.06,708.56,35.99,22.36,47.23,739.55,1046.79,835.36,3481.71,78.82,59.08,4.86,11.72,198.47,6.2,1.78,0,93.28,7.12,0,11.36,4.96,0,435.76,0.48,13.28,0,0,8.14,18.99,9.96,451.53,32.76,30.51,17.59,28.21,34.78,12.27,26.32,43.34,5.85,54.71,28.75,17.75,47.05,56.86,142.93,305.73,30.44,5.09
0,0,0,0,0,0,0,0,18.48,1.26,0,0,0,0,0,0,0,0,0,0,0,0,0,0,0,0,0,0,0,0,0,0,0,0,0,0,0,0,0,0,0,0,0,0,0,0,0,0,0,0,0,0,0,0,0.96,3.29,0,0,0.07,0,85.06,0.45,0,0,0,0,0,0,0,371.52,147.24,113.37,336.49,0,41.43,0,0,0,19.04,0,0,0,0,0,0,0,0,0,0,0,0,0,0,0,0,0,0,0,0,0,0,0,0,0,0,0,0,0,0,0,1.15,46.43,0,0
221.61,15.43,138.44,113.74,8.99,147.65,106.48,1014.88,354.56,472.31,2125.95,124.77,99.18,39.66,0.67,43.01,14.96,2.44,3.54,37.7,52.71,44.16,51.41,17.57,26.58,0.05,0.28,3.24,0.06,1.16,1.2,4.81,29.4,25.06,29.81,57.13,41.27,28.47,0.22,69.95,9.37,55.01,0.6,39.49,6.13,64.01,20.12,6.19,67.14,3.42,2.65,141.2,20.83,263.93,126.97,205,176.93,185.05,49.37,41.38,8.67,699.89,5.2,15.94,128.25,104.33,11.17,96.05,32.68,38.95,213.01,90.53,459.74,300.89,39.08,17.15,69.97,35.9,50.61,6.18,0,44.99,4.54,0,11.32,0,0,112.48,0.74,5.34,0,0,31.93,0,6.72,468.27,0,75.45,71.96,55.61,219.76,39.86,101.19,172.7,34.64,159.91,55.98,13.88,8.65,15.78,734.05,1225.31,18.81,3.96
0,0,0,0,0,0,0,0,2.83,0,0,0,0,0,0,0,0,0,0,0,0,0,0,0,0,0,0,0,0,0,0,0,0,0,0,0,0,0,0,0,0,0,0,0,0,0,0,0,0,0,0,0,0,0,132.64,0.67,0.03,0,0,0,0,0,3.6,0.15,0,0,0,0,0,320.63,413.69,0,0,0,0,0,0,0,0,0,0,0,0,0,0,0,0,0,0,0,0,0,0,0,0,0,5.39,0,0,0,0,0,0,0,0,0,0,0,0,0,0,0,0,0
0.86,0.38,3.24,1.13,0,1.98,0.77,0,0.62,0,0,0,0,0.44,0,0.73,0,0,0.28,0.91,1.08,0.69,3.74,0.33,0.76,0,0,1.85,0,1.11,0,0,5.16,0.23,4.45,3.03,0,0.03,0.02,0.02,0.01,0,0,0,0,0,0,0,8.1,37.71,0,0,0,0,8.51,18.59,13.43,0,5.17,3.6,2.74,5.16,40.96,291.43,0,0.76,0,0.11,33.37,27.37,22.12,9.9,51.24,27.17,96.1,90.43,72.76,6.3,4.1,0,0,14.87,0.12,0.12,24.02,5.71,0,0.66,0.11,3.68,3.12,4.57,4.93,30.48,3.96,26.25,0,59,25.78,5.34,41.82,13.6,231.78,257.93,87.86,193.37,496.32,30.12,1321.19,390.81,99.68,42.66,91.78,4.73
201.96,33.72,156.27,1.12,2.06,1.86,33.71,203.66,1583.54,356.31,604.76,94.1,131.7,112.18,1.52,52,10.81,6.84,18.54,10.01,264.82,20.96,17.52,38.39,37.54,5.72,1.74,15.63,5.4,18.73,6.04,25.3,69.14,92.96,68.83,24.97,172.53,89.72,2.36,148.61,87.57,105.66,40.45,58.97,9.13,69.07,20.85,3.04,223.68,833.66,15.3,71.27,14.39,34.79,96.13,14.67,16.73,33.43,6.27,21.37,6.9,64.43,31.09,31.03,206.66,265.04,6.13,297.27,3.21,26.31,47.04,157.34,90.73,328.83,770.31,242.46,585.6,32.74,89.94,4.06,26.65,27.41,292.59,28.4,43.79,8.65,31.54,220.69,1.08,84.04,31.07,92.14,417.33,0,387.07,409.33,29.06,50.63,13.86,943.37,11.97,53.98,188.01,86.21,39.4,303.09,56.6,11.37,30.37,23.26,28.65,18.06,26.71,15.18
220.82,37.6,171.13,1.17,1.81,2,37.88,225.2,1700.89,565.66,663.95,97.4,144.01,120.83,1.66,56.78,11.91,7.48,19.75,10.48,306.68,23.65,18.87,41.29,40.13,6.17,1.89,16.77,5.59,20.34,6.47,29.2,75.32,95.85,79.07,27.09,185.26,96.46,2.32,136.56,93.24,115.49,43.34,64.78,9.89,74.49,22.63,3.24,246.23,930.1,16.87,79.16,15.29,39.04,103.57,15.89,17.94,35.26,7.06,22.91,7.28,70.25,33.37,33.03,3651.27,21336.66,6.86,368.2,3.56,28.62,51.66,165.41,99.38,367.65,861.25,286.67,692.33,49.97,125.76,3.2,29.07,32.97,323.45,30.95,53.09,9.73,34.31,243.2,1.2,90.36,34.69,100.91,461.97,6.5,453.54,483.93,31.87,56.11,15.51,1539.71,19.25,60.89,223.5,94.74,44.27,349.44,100.1,12.64,33.14,38.63,31.57,19.45,44.11,15.61
11.16,0,0,3.09,0,0,0,9.79,105.16,62.26,20.87,7.52,0,23.66,0.02,26.64,7.67,18.42,18.1,12.37,11.3,30.95,6.15,6.41,9.01,0.08,0.04,1.38,0.07,0.5,0,1.3,9.02,12.95,14.73,2.53,114.15,0.21,0.14,390.76,0.03,48.23,4.95,75.95,10.68,11.75,29.81,7.98,46.06,193.06,2.79,13.6,7.21,8.98,5.1,1.53,2.5,2.16,1.85,0.83,0.76,2.64,0.81,0.67,552.36,0,1563.72,0,0.07,0,0,0,12.94,12.68,5.77,4.2,152.66,29.35,0,0.11,0.37,0,5.94,3.71,0.73,0,0,3.39,0,0,0,0,5.52,1.84,6.36,31.69,0,9.08,0,9.24,1.22,3.52,10.53,10.32,1.54,24.5,29.33,0.59,0.92,1.1,4.07,1.31,5.65,2.22
485.22,130.41,521.21,1.18,0.04,2.29,14.97,42.75,3.49,19.42,70.66,5.06,10.32,53.67,0.27,31.28,12.82,1.38,20.83,4.31,23.84,38.2,25.27,33.55,3.67,0.28,0.52,5.47,0.42,0.52,0.25,0.72,16.1,54.8,50.96,11.09,89.65,106.58,0.24,46.86,7.44,44.84,0.82,10.08,1,46.84,9.33,1.57,60.89,1.92,1.92,16.28,1.84,9.16,79.89,5.36,4.98,0,7.18,4.65,1.52,40.48,3.01,1.85,54.62,65.2,6.58,672.94,140.04,738.69,70.51,108.51,570.9,78.26,35.26,61.44,348.68,82.67,4.14,5.32,5.1,2.22,47.54,16.59,7.99,5.06,5.03,187.33,1.01,28.65,59.72,68.82,212.65,0,749.12,1149.31,1.01,307.79,141.71,179.32,49.59,161.1,70.58,103.89,11.19,339.64,152.95,14.15,238.73,19.34,67.42,32.15,55.65,4.33
216.36,59.45,88.35,0,0.97,12.41,15.42,38.15,113.7,26.63,50.51,2.46,6,30.61,0.91,25.24,21.95,5.62,27.27,19.47,51.95,18.26,33.26,11.07,27.1,0.09,1.03,5.93,0.29,1.67,2.78,2.87,20.18,9.26,1.98,15.66,21.48,19.85,0.07,45.1,4.73,53.94,5.57,67.57,4.72,46.23,10.39,5.66,53.85,34.44,6.26,119.08,13.89,32.86,18.44,6.3,50.4,43.7,15.68,22.1,6.09,53.5,13.79,16.06,100.66,215.71,11.41,42.78,1289.87,339.56,118.94,389.74,1043.88,651.21,115.41,34.62,178.45,271.51,11.45,46.46,20.3,15.39,309.09,0,11.87,0,0,1349.58,0,6.29,0,187.91,61.73,506.76,398.32,1150.59,967.04,748.83,337.7,25.64,55.9,222.9,35.55,95.8,195.29,1365.42,246.87,128.2,25.97,11.93,23.72,18.2,55.47,4.22
0,0,0,0,0,0,0,0,0,0,0,0,0,0,0,0,0,0,0,0,0,0,0,0,0,0,0,0,0,0,0,0,0,0,0,0,0,0,0,0,0,0,0,0,0,0,0,0,0,0,0,0,0,0,0,0,0,0,0,0,0,0,0,0,0,0,0,0,0,0,0,0,0,0,0,0,0,0,0,0,0,0,0,0,0,0,0,0,0,0,0,0,0,0,0,0,0,0,0,0,0,0,0,0,0,0,0,0,0,0,0,0,0,0
0,0,0,0,0,0,0,0,0,0,0,0,0,0,0,0,0,0,0,0,0,0,0,0,0,0,0,0,0,0,0,0,0,0,0,0,0,0,0,0,0,0,0,0,0,0,0,0,0,0,0,0,0,0,0,0,0,0,0,0,0,0,0,0,0,0,0,0,0,0,0,0,0,0,0,0,0,0,0,0,0,0,0,0,0,0,0,0,0,0,0,0,0,0,0,0,0,0,0,0,0,0,0,0,0,0,0,0,0,0,0,0,0,0
246.64,6.1,74.42,0,0.01,0.01,6.37,322.52,102.45,319.07,1207.74,93.47,0,0,0,0,0,0,0,0,0,0,0,0,0,0,0,0,0,0,0,0.37,1.43,0,0,0,15.41,0,0,0,0,0,0,0,0,0,0,0,0,0,0,0,0,0,0,0,0,0,0,0,0,0,0,0,17.03,76.57,8.85,8.51,0,0,7.63,14.41,0,76.59,2.99,0,0,2015.86,414.32,19.05,0.99,0,40.06,0,0,0,0,0,0,0,0,0,0,0,97.94,0,0,0,0,376.95,1053.63,10.69,0.93,0,0,24.31,9.23,0,0,0,0,0,8.72,0.7
1132.25,245.31,493.37,10.67,0.5,7.28,187.87,796.49,1600.18,2924.92,2283.56,226.4,117.89,0,0.02,0,0.07,0.04,0.2,0.19,0.66,0.59,0.67,0.05,0.24,0,0,0,0,0,0,306.36,378.05,1.64,5.39,1.01,3.87,0,0,0,0,0,0,0.03,0.02,0.96,0.03,0,0,98.65,0,0,0,0,0,0,0,0,34.67,5.74,1.69,24.22,86.92,84.04,481.71,2219.3,284.11,1101.24,42.15,32258.58,22878.58,16562.51,69307.51,2537.21,685.35,846.95,398.84,144,1447.9,24.66,55.73,25.16,1483.9,0,3.92,104.34,38.07,342.1,1.01,0,0,0,107.6,13255.53,2872.5,426.21,196.08,76.21,28.73,4489.38,5102.31,69.91,69.23,107.51,3.08,226.66,134.79,2.02,1.63,10.13,19.75,12.11,46.48,3.13
1116.53,101.52,582.45,117.51,99.7,117.06,527.45,898.04,300.62,496.03,1345.43,111.41,172.67,488.98,67.69,518.01,466.54,118.6,293.96,415.68,375.51,725.57,224.1,104,102.38,22.33,34.61,194.27,0.61,41.55,48.82,102.69,422.13,98.28,218.86,260.37,376.11,327.91,26.76,376.76,85.68,324.2,36.4,93.24,28.97,154.21,100.42,42.84,330.74,73.17,26.66,579.25,100.4,413.23,707.3,201.72,142.82,347.53,567.08,211.67,46.17,935.86,288.17,56.23,200.81,248.69,54.1,228.91,227.9,3259.02,1468.44,1337.07,6589.56,2972.56,1918.34,415.82,2443.18,1411.36,193.75,42.51,302.68,373.19,133.44,125.25,101.68,200.71,75.63,522.23,7.56,198.45,81.41,182.26,196.64,113.43,174.67,708.01,169.92,292.29,147.98,352.58,475.56,241.8,809.64,960.94,103.36,4041.71,1211.26,116.3,641.53,316.03,1724.2,1143.55,496.77,61.38
60.14,3.47,89.31,6.55,1.08,8.56,11.67,64.41,18.02,18.76,92.33,5.11,12.73,18.34,0.16,3.21,0.37,0.26,6.22,12.86,10.1,9.86,4.08,0.78,0.95,0.24,2.94,11.86,0.27,65.38,17.26,5.2,14.66,1.15,18.33,11.5,26.99,14.56,0.07,39.37,7.87,10.16,0.41,14.83,0.69,7.08,9.08,0.66,8.21,3.4,0.13,115.89,12.57,30.31,18.03,6.99,5.41,7.32,96.49,4.38,3.2,17.41,15.22,18.92,8.29,14.48,5.37,21.73,56.95,213.84,71.52,110.47,774.71,1045.28,1415.64,27.5,68.3,29.93,17,6.33,0.81,61.58,20.76,4,43.59,8.57,6.65,40.87,1.9,191.21,34.96,27.94,30.55,23.81,21.47,49.12,0.05,35.65,17.68,54.19,106.87,77.66,50.38,73.66,11.59,458.66,497.47,20.04,36.25,46.72,19.47,31.22,101.91,17.74
47.6,1.14,18.07,0.11,0.01,0.22,1.71,610.44,156.14,193.96,5.1,40.39,80.49,5.36,0.05,1.48,0.25,0.22,2.28,1.08,10.2,3.55,9.1,0.97,2.06,0,0,0.89,0,0,0,0.42,4.3,0.26,21.11,11.13,269.85,16.44,0.02,31.38,2.33,14.89,0.05,0.44,0.09,2.29,0.17,0.04,6.16,0.03,0.11,11.79,1.67,4.89,12.59,2.83,2.17,0,5.52,2.43,0.59,8.52,1.17,0.71,7.96,14.68,9.18,19.16,26.61,26.69,5.19,91.92,1906.84,260.03,121.62,2.02,3.04,82.93,0,4.66,50.15,12.12,67.79,15.58,6.02,18.6,4.03,44.45,1.03,59.1,29.23,88.34,13.9,0,14.77,130.87,63.26,66.74,2.68,111.16,33.16,28.62,45.51,86.84,9.36,2.07,87.94,8.26,10.07,12.82,3.95,3.18,39.84,3
100.15,5.25,99.99,5.53,1.56,12.7,10.21,164.62,81.56,37.28,201.94,8.87,63.93,9.15,0.67,2.24,4.65,3.12,42.77,37.77,54.87,54.12,404.33,219.74,115.31,0.01,0.58,5.56,0.04,0.48,0,13.46,19.94,6.53,71.7,53.5,136.78,110.31,0.82,132.4,14.91,47.53,0.3,15.68,8.08,84.81,15.32,3.91,34.55,2.36,0.7,136.63,20.92,37.79,98.19,17.37,24.01,0,44.65,8.94,2.36,45.51,10.31,6.09,59.03,94.66,9,49.46,67.27,57.87,19.6,85.14,1378.89,411.43,399.6,9.71,49,186.11,17.55,5.56,6.02,125.36,234,8.18,76.1,31.83,0.99,439.19,4.01,455.91,148.63,115.42,20.53,0,3,2366.49,92.99,983.26,58.84,495.71,62.75,193.36,183.08,287.39,44.19,133.13,59.43,58.59,123.05,127.07,25.02,20.49,87.43,15.07
922.66,196.61,270.01,21.7,96.56,15.13,80.4,322.29,71.5,180.38,431.73,116.73,86.48,1175.13,41.16,759.51,197.94,55.5,456.65,239.53,134.88,431.76,116.89,185.34,89.36,22.04,53.02,67.59,0.65,1.56,9.01,699.55,664.41,86.88,132.34,76.32,191.52,210.22,9.32,307.45,27.82,261.95,8.94,115.26,19.53,771.87,86.98,76.88,373.33,620.36,16.65,338.47,57.75,151.75,159.54,42.1,31.66,55.4,92.74,73.37,28.45,171.64,118.24,46.4,128.86,53.51,51.85,70.15,84.02,1421.48,822.74,664.27,3498.44,1786.17,1316.17,143.98,774.52,2139.95,417.95,103.02,600.6,707.1,605.32,128.83,46.42,25,10.3,83.38,1.75,37.57,29.73,302.68,133.25,26.01,57.98,268.1,70.06,83.7,72.57,180.41,114.37,101.45,216.08,312.02,38.22,820.77,313.52,42.65,119.85,77.39,134.07,149.84,68.58,13.41
38.75,5.82,32.96,0.71,1.1,0.46,0.75,965.98,17.91,345.47,245.19,6.08,0.7,13.98,1.96,9.5,5.1,1.68,64.91,3.47,2.17,6.08,0.43,4.75,4.54,1.31,0.47,5.85,0,0.01,0.01,4.07,2.66,1.37,0.85,0.2,9.46,1.83,1.11,38.32,3.26,5.14,0.14,2.56,1.37,2.91,1.59,0.73,156.4,415.85,1.61,23.6,5.58,8.98,3.24,1.99,1.27,2.57,1.26,0.99,0.34,4.44,1.8,0.29,60.91,0.18,0.11,1.13,145.06,13.28,5.08,6.52,50.83,701.39,3.69,1.62,11.82,454.76,357.33,56.31,4.84,20.46,342.14,0.28,0.15,0.02,0,0.89,0,0.27,0.13,0.61,0.48,0.19,0.3,1.63,0,0.12,0.45,2.29,0.86,0.64,0.63,0.9,0.06,5.61,4.54,0.95,1.55,0.57,1.06,2.16,0.61,0.66
14.17,0.98,0.31,1.81,0.03,1.77,0.51,15.15,88.6,52.64,22.32,5.23,52.55,16.39,0.12,18.91,6.33,11.8,11.28,8.28,9.29,24.67,4.07,3.75,5.94,0.05,0.03,2.22,0.1,0.32,0.04,0.86,7.06,13.45,15.38,2.16,117.13,0.36,0.72,333.12,0.29,52.17,3.27,49.5,7.14,7.68,19.61,5.12,35.54,179.74,2.09,13.51,5.59,7.15,3.21,0.91,1.51,1.38,1.33,0.5,0.45,1.62,0.52,0.4,356.62,7.16,27.47,0.01,0.05,60.05,21.22,36.97,95.39,866.41,23.63,48.23,106.02,121.94,4.07,1327.86,12.1,7.05,9.05,3.22,0.52,0,0,2.92,0,33.82,33.18,0.03,18.5,1.08,49.53,182.4,0,193.04,14.63,136.79,8.44,26.62,52.03,72.32,5.65,49.64,51.04,0.44,0.74,4.49,13.25,16.64,12.63,7.65
52.15,3.22,36.19,1.35,0.41,1.79,8.01,118.52,53.59,56.96,144.71,14.32,28.43,2.07,8.43,4.39,15.43,4.57,31.74,10.47,20.81,25.19,10.55,3.6,5.51,0.09,0.22,2.97,0.06,1.75,0.49,0.47,11.21,3.36,41.92,18,30.35,17.12,0.77,48.24,7.17,60.58,0.73,3.05,1.17,35,1.8,0.38,18.72,0.41,0.39,61.16,7.03,18.55,32.96,10.42,1.37,1.13,25.49,15.94,3.73,65.65,6.99,2.64,45.34,82.33,9.94,69.87,22.6,121.34,49.98,63.11,96.17,817.66,281.77,12.07,7.87,217.49,28.15,32.17,469.84,181,1001.85,16.79,29.33,48.32,27.23,108.28,1.15,124.56,92.97,274.66,18.37,0.1,63.26,1450.78,673.33,563.88,79.61,605.1,151.38,122.95,228.24,295.94,52.05,127.03,64.84,35.51,97.98,98.55,20.78,51.72,111.21,5.67
21.65,3.17,19.97,0.55,0.16,1.04,5.28,52.85,57.76,17.52,113.93,6.37,10.79,0.77,0.1,6.4,2.24,0.37,6.17,4.74,4.24,3.91,7.88,1.45,2.06,0.01,0.05,1.37,0.01,0.1,0.05,0.38,1.44,1.96,8.48,11.39,3.04,5.16,0.01,13.46,1.11,3.37,0.18,1.73,1.31,18.47,5.57,2.3,6.36,0.11,0.28,10.55,2.51,4.76,3.13,3.53,2.39,0,4.09,7.85,1.18,14.91,3.53,2.71,18.43,34.33,8.88,28.4,22.05,161.02,51.02,67.87,172.22,425.46,487.31,39.1,1.9,469.69,1.02,5.61,16.84,728.91,191.82,37.17,20.51,13.68,4.78,98.01,0.99,142.99,251.99,1050.01,104.74,0,78.67,1015.21,1.96,401.21,65.67,333.42,16.76,117.87,264.94,261.7,53.5,530.01,244.09,37.86,79.3,103.69,55.86,22.68,157.38,6.63
992.37,16.52,158.22,12.51,0.44,28.17,41.55,981.33,317.54,130.78,498.49,51.24,16.5,43.45,1.15,51.1,7.69,9.31,197.93,42.69,75.37,131.16,242.11,135.03,90.21,0.26,0.9,3.48,0.14,1.56,4.55,4.85,13,35.79,541.14,90.21,236.22,586.63,27.8,160.15,120.22,181,0.73,12.72,3.6,215.21,13.43,2.69,95.5,13.4,10.46,700.39,262.18,167.94,226.53,31.88,8.53,3.91,13.19,14.9,1.52,40.3,20.64,7.5,20.1,36.29,0.23,26.94,45,385.99,655.44,1067.88,948.3,7159.67,738.03,20.32,6.53,1057.56,596.55,320.93,2926.48,262.68,5423.15,12.4,12.76,0.56,0.87,1167.08,2.01,215.48,26.83,1.29,80.53,0.24,217.45,1541.09,3.93,727.11,143.81,701.17,332.14,202.01,246.6,396.96,194.23,266.22,97.83,25.15,32.81,40.61,195.75,64.38,119.04,3.22
10.76,0.66,6.9,0.06,0.04,0.12,1.72,6.41,5.09,1.67,9.33,0.86,17.53,0.69,0.16,6.59,0.94,0.1,1.5,1.21,2.66,5.01,3.69,0.63,1.75,0.19,0.6,3.1,0.35,0.39,0.54,1.11,6.57,11.8,21.98,10.77,7.19,23.56,0.11,22.42,0.88,32.33,7.7,2.48,0.74,10.66,1.52,0.17,8.01,0.13,0.19,49.59,3.18,5.98,19.51,4.44,1.01,0.08,5.61,5.23,1.3,10.4,3.1,1.01,1.5,2.77,9.47,5.65,65.07,30.2,25,30.62,122.06,417.39,551.69,13.89,46.13,62.49,23.95,4.82,10.06,90.16,29.11,219.28,99.74,7.97,283.45,166.86,7.88,103.79,90.29,19.62,97.01,0,77.3,659.32,1430.18,270.5,51.32,235.01,11.71,70.75,628.6,759.74,161.1,63.07,89.53,112.8,76.77,77.08,32.41,7.14,138.87,6.01
0,0,0,0,0,0,0,0,2.56,0,0,0,0,0,0,0,0,0,0,0.04,1.69,0,0,0,0,0,0,0,0,0,0,0,0,0,0,0,0,0,0,0,0,0,0,0,0,0,0,0,0,0,0,0,0,0,1.4,0,0,0,0,0,0,0,0,0,0,0,0,0,0,0,0,0,24.26,3.12,13.58,0,1.99,1.34,0,11.42,0,0,0,0,2374.88,2898.4,0,319.38,19.47,0,0,0,75.28,0,34.95,389.58,0,253.09,0,9.32,4.07,50.36,31.71,41.03,3.04,0.03,2,145.43,0,88.32,2.01,0,9.06,0.87
0.33,0.37,0.34,7.94,0,6.39,6.29,3.66,4.98,8.69,33.41,1.62,6.01,17.96,1.12,8.76,6.78,4.4,13.58,11.14,9.4,7.63,9.67,5.72,4.91,0.07,0,0.13,0,0.07,0,3.44,9.59,0.87,0.7,0.73,0,21.4,0,13.35,5.63,7.75,8.05,3.74,0.87,0.64,0.63,0.69,2.34,0.16,0.65,2.79,1.05,2.72,7.04,12.86,45.86,64.05,2.71,4.13,2.33,4.23,0.34,0.34,3.11,1.77,8.96,11.56,18.34,25.51,5.9,19.8,338.83,233.29,737.55,309.39,846.78,35.01,0,2.24,206.07,15.83,63.38,0,108.72,2,128.54,951.99,9.03,328.47,59.7,17.89,141.29,0,296.09,590.09,0,282.04,284.54,46.56,39.98,93.4,39.07,52.27,3.02,197.95,205.14,108.06,88.49,187.58,14.36,22.78,57.02,2.92
21.97,1.27,11.67,0.19,0.01,0.36,1.45,138.52,101.19,14.03,87.1,4.75,12.31,46.75,0.18,65.01,8.24,0.13,6.84,5.39,10.1,20.48,58.38,5.66,24.91,0.1,0.2,17.65,0.08,0.85,0.62,3.87,54.58,143.88,177.3,69.44,39.73,106.28,0.18,124.71,4.2,171.03,5.53,19.04,2.18,72.75,7.94,2.42,413.62,1.82,11.61,84.59,5.42,43.77,690.5,10.87,17.15,0,32.37,23.55,8.76,99.36,3.72,0.93,173.03,321.53,23.72,28.17,164.8,462.68,141.09,193.6,453.82,1658.65,2426.15,164.88,97.74,348.71,21.71,37.41,17.02,152.4,583.54,310.16,24.36,1.99,1715.51,488.02,107.94,1456.41,622.52,1940.19,149.16,0,263.79,1979.97,1182.85,425.15,142,911.62,20.04,200.99,315.08,639.71,379.65,186.97,241.69,270.15,128.63,167.47,45.53,41.27,380.39,23.92
29.76,6.41,51.53,2.03,0,3.88,15.6,41.76,46.13,5.95,53.89,2.41,35.75,14.15,0,108.61,1.72,0,10.72,6.86,5.62,7.47,27.98,3.5,8.46,0,0,3.39,0,0.2,0,3.77,48.4,3.57,32.03,56.14,181.23,31.15,0,58.12,5.21,82.01,0.17,9.09,4.16,90.37,22.75,7.4,26.03,0.24,0.16,142.11,10.03,43.75,76.12,31.6,18.4,0,33.71,28.56,6.09,130.8,22.09,12.07,47.09,91.66,34.6,98.77,68,485.43,357.85,364.26,719.61,1516.14,1499.45,72.27,202.08,303.71,36.89,17.79,72.3,215.09,582.72,36.25,27.6,190.71,2438.69,10229.77,4.99,540.76,302.25,374.64,265.67,0,329.2,944.82,270.94,638.44,258.72,1028.34,62.61,226.38,612.7,477.63,151.8,772.74,264.08,108.45,103.18,134.7,232.01,171.73,550.29,23.91
0,0,0,0,0,0,0,0,0,0,0,0,0,0,0,0,0,0,0,0,0,0,0,0,0,0,0,0,0,0,0,0,0,0,0,0,0,0,0,0,0,0,0,0,0,0,0,0,0,0,0,0,0,0,0,0,0,0,0,0,0,0,0,0,0,0,0,0,0,0,0,0,0,0,0,0,0,0,0,0,0,0,0,0,0,0,0,0,0,0,0,0,0,0,0,9.62,0,1.47,0.06,6.15,0,1.34,4.19,7.05,1.35,0,0,0,0,2.78,0,0,0,0
1549.04,130.05,723.81,37.78,1.91,64.29,202.17,830.65,3417.81,1393.71,433.28,85.1,287.45,152.24,1.59,45.76,19.39,1.44,66.59,37.53,33.82,66.03,64.42,236.78,165.5,0.19,0.73,16.19,1.35,8.34,0.73,4.98,33.2,11.85,21.89,40.41,10.05,74.24,0.11,112.81,11.58,48.89,1.3,37.7,7.1,40.81,6.2,6.42,99.82,143.55,0.07,66.03,6.31,27.5,150.29,19.74,153.48,117.52,33.57,44.57,3.12,84.77,12.55,9.59,1397.17,1673.9,165.02,1829.65,94.91,1113.67,864.61,603.05,1193.87,1754.09,1432.24,465.89,706.74,478.49,328.15,470.79,138.85,81.97,2372.7,107.95,60.92,126.34,95.54,1001.43,1,8600.09,8771.92,1750.17,844.07,29877.24,6030.58,3779.07,226.16,1041.17,227.62,1062.53,183.55,246.06,813.07,391.28,184.4,1592.57,200.25,35.26,83.75,82.26,97.1,43.73,314.72,29.63
124.64,9.98,65.96,5.86,0.39,9.92,19.71,34.38,65.53,35.8,25.96,7.53,14.75,3.88,0.64,1.4,2,2.21,10.7,4.95,12.14,19.6,5.67,3.58,5.02,2.01,0.09,9.73,1.16,0.39,0.35,5.5,17.11,1.6,2.88,7.11,2.41,8.45,0.76,10.18,3.77,11.56,2.09,2.11,0.81,10.42,1.58,1.02,16.25,1.64,0.98,23.34,3.72,7.26,7.17,1.97,8.78,10.93,11.58,9.69,3.8,24.57,5.07,4.99,6.89,39.15,1.92,16.59,14.25,81.27,35.48,38.21,328.48,178.9,183.93,31.67,104.97,114.2,12.69,10.35,6.86,13.37,47.94,4.91,7.23,3.93,3.26,8.07,0,1319.85,167.61,145.96,71.03,3123.95,165.67,289.14,26.89,79.56,29.63,0,0.01,13.11,34.85,10.57,11.52,169.31,53.54,7.2,20.5,20.84,45.77,18.52,88.25,5.86
1079.56,72.72,822.91,11.94,0,43.47,108.44,474,897.46,518.3,648.59,151.54,175.17,98.71,1.55,91.07,15.8,10.51,40.08,24.43,65.21,61.02,102.9,82.38,47.89,0.11,3.93,11.51,0.3,2.15,4.63,16.01,85.46,21.27,51.51,63.43,114.87,65.64,0.43,148.36,13.24,97.67,9.33,30,6.72,134.96,12.23,3.09,215.17,7.32,4.47,161.87,12.95,16.2,134.32,19.71,12.23,0,27.98,22.24,8.44,103.52,26.7,20.18,1720.13,2006.1,175.47,933.46,2717.53,1236.53,496.47,385.87,3197.64,1659.75,1365,678.05,935.91,785.48,163.91,383.92,56.58,80.25,1480.13,0,45.18,0,47.79,319.99,1.01,1049.52,8580.57,1314.93,581.39,0,4283.56,2740.77,226.8,1032.69,345.71,5124.15,0,79.52,805.13,786.01,209.9,1951.11,190.96,41.25,119.87,120.88,228.26,74.04,28.24,1.08
385.81,59.42,190.44,128.78,5.29,84.15,183.88,742.59,1384.14,241.39,1232.1,89.69,66.04,25.07,0.18,55.87,9.86,13.52,48.84,28.78,56.15,36.52,112.31,5.59,10.62,2.04,0.7,5.37,0.06,4.24,3.54,5.85,35.39,43.06,109.76,83.4,297.1,33.97,0,70.52,11.46,157.82,4.36,36.96,18.03,142.8,79.95,8.26,153.73,34.14,7.28,196.46,31.22,83.39,210.64,118.7,40.31,0,124.35,22.36,7.7,85.68,28.55,51.5,166.98,371.41,126.33,80.64,25.15,1141.66,425.86,1771.7,3814.88,1174.33,764.6,132.59,364.99,430.16,150.35,35.83,77.1,276.17,741.96,13.01,71.79,71.11,925.75,395.48,8.25,456.07,348.58,448.99,489.77,0,905.67,2694.92,1581.4,1093.3,673.77,639.45,105.37,345.34,208.88,341.27,58.68,1056,405.47,74.81,421.19,242.71,455.04,1246.03,471.76,23.84
0,0,0,0,0,0,0,0,0,0,0,0,0,0,0,0,0,0,0,0,0,0,0,0,0,0,0,0,0,0,0,0,0,0,0,0,0,0,0,0,0,0,0,0,0,0,0,0,0,0,0,0,0,0,0,0,0,0,0,0,0,0,0,0,0,0,0,0,0,0,0,0,0,0,0,0,0,0,0,0,0,0,0,0,0,0,0,0,0,0,0,0,0,0,0,0,0,0,0,0,0,0,0,0,0,0,0,0,0,0,0,0,0,0
495.74,48.25,306.08,0,0,1.31,72.78,364.94,283.83,145.44,1664.3,50.81,31.9,160.66,1.42,88.89,25.64,16.27,46.74,62.01,45.39,91.38,27.1,15.29,25.81,0.09,0.8,5.15,0.08,1.78,0.68,35.35,74.32,99.46,94.47,88.2,688.74,41.93,0.13,74.28,11.38,88.92,5.3,73.28,15.45,149.92,30.43,4.05,60.95,9.66,35.8,353.33,72.43,139.81,169.23,132.19,39.73,156.56,37.31,34.75,7.34,103.52,2.53,5.56,27.93,50.86,4.24,18.75,430.52,1045.81,238.67,936.49,5529.68,11982.72,10549.71,285.95,7643.73,1277.67,791.89,95.54,556.97,1178.34,1929.36,120.27,200.79,214.63,282.24,4121.93,16.96,398.04,1536.11,1795.1,5475.7,1886.16,6989.98,8434.59,2457.55,4235.61,2353.92,1504.99,68.36,751.64,1344.43,1836.76,782.39,1444.67,832.8,299.71,712.27,374.4,163.09,69.72,363.51,42.69
1669.86,164.53,1609.99,68.58,2.12,52.83,383.88,1738.74,370.57,1144.49,2740.99,132.87,4625.16,144.33,19.09,362.53,82.24,14.29,352.39,114.97,391.73,343.5,378.82,131.67,155.68,0.55,3.67,37.1,0.97,10.26,4.08,40.35,324.37,104.83,802.94,716.08,542.78,1204.43,2.36,424.96,67.75,588.36,32.86,129.68,60.62,606.06,256.98,36.61,276.99,8.25,14.75,807.75,143.74,442.71,449.35,1254.47,267.47,961.86,259.7,623.79,46.69,1232.01,114.65,41.52,400.6,750.02,268.57,739.35,3474.37,4443.08,2789.38,8925.1,7466.94,7679.33,8624.69,292.07,1017.37,3525.36,88.26,686.91,1644.49,422.71,3007.98,629.48,398.85,569.98,379.33,5102.04,27.17,784.28,1343.45,10035.39,1308.04,412.42,8096.31,37995.92,5686.48,6319.34,1172.87,5153.86,844.24,602.5,1185.95,1402.65,241.94,3921.16,1201.91,512.79,1840.78,1546.81,974.14,889.64,901.63,42.76
0,0,0,0,0,0.02,4.39,23.72,6.07,4.2,32.6,1.69,11.26,9.61,0.18,12.02,4.89,1.25,12.7,11.26,12.48,21.17,21.2,2.41,3.67,0.02,0.61,5.74,0.01,0.3,0.29,3.83,18.62,4.64,21.04,15.9,24,28.98,0.2,38.46,17.34,20.99,6.7,22.8,7.65,29.14,9.62,1.71,13.81,0.56,2.73,20.66,7.76,10.99,6.49,5.68,7.87,7.46,58.76,20.07,4.84,48.49,7.87,2.33,10.92,22.45,18.27,1,20.03,80.01,24.84,33.94,186.05,1140.97,493.05,50.27,69.52,88.21,35.24,20.69,54.51,123.31,126.41,183.08,13.61,0,108.16,3616.17,9.2,6284.72,7411.94,2324.45,131.53,0,171.98,3000.82,5222.99,1354.83,87.13,3092.96,729.64,1549.09,906.52,994.16,214.23,410.82,276.64,134.86,47.73,63.67,2.73,18.18,335.92,45.12
866.86,34.98,96.34,40.65,0.55,16.01,138.47,493.71,334.78,67.47,397.24,80.33,204.23,552.76,3.16,52.57,157.63,2.44,28.09,78.52,50.79,145.12,176.4,7.4,151.76,0.06,0.66,15.07,1.83,56.33,9.01,42.22,257.84,11.55,133.71,128.99,99,204.86,0.23,135.92,23.43,304.45,39.07,32.37,8.2,399.19,74.75,15.24,171.11,49.8,0.59,303.52,17.65,58.21,302.07,19.74,98.91,39.3,65.63,67.06,18.79,251.31,54.27,36.58,215.13,387.06,25.4,263.84,291.85,725.32,233.63,1184.53,2268.74,2166.71,2010.74,862.79,2949.24,810.17,262.91,207.35,2825.08,374.11,4069.04,223.23,177.17,94.71,119.06,514.63,254.1,2757.92,4914.65,2795.38,1251.67,91.73,1255.46,9711.37,2710.81,3738.15,961.7,1393.93,9.82,1725.81,1518.1,1821.2,341.91,3829.27,1498.68,576.44,1224.23,586.64,158.28,362.08,1052.21,18.11
26.79,14.5,59.15,26.01,0.01,14.17,60.09,6.8,28.25,6.21,50.55,0.81,4.87,80.2,13.49,80.56,105.18,22.38,41.04,91.5,53.52,46.52,27.61,64.15,101.78,1,1.12,11.85,0.29,0.89,3.41,22.75,38.12,16.53,95.21,42.04,13.47,125.32,0.51,17.53,2.76,29.82,17.61,76.36,40.67,91.69,38.06,21.46,7.95,0.39,5.93,19.69,5.63,12.16,10.72,19.13,9.12,3.63,5.66,7.45,2.14,17.72,6.54,5.93,2.91,7.74,17.83,8.48,98.46,357.3,187.2,307.84,1245.18,1653.02,478.93,670.74,518.1,257.34,163.39,89.94,127.66,370.81,2456.78,5.96,13.08,0.99,0,167.64,3,37.03,27.54,71.1,276.78,470.4,3116.07,1170.69,3.95,86.94,975.98,488.21,54.75,525.61,525.65,537.08,98.54,1172.09,773.18,47.67,338.06,197.2,14.69,19.1,470.13,68.25
34.95,1.54,40.66,4.75,0.13,9.56,18.22,317.09,178.05,136.37,561.64,36.06,17.6,42.86,0.08,4.72,0.06,0.49,15.48,5.7,28.63,45.5,51.59,3.51,7.19,0,0,0.83,0,0,0,3.02,17.61,12.1,100.57,37.96,84.03,7.11,0,205.81,14.5,69.41,0.04,2.98,0.92,39.89,3.65,0.37,43.75,0.1,1.19,48.62,12.66,17.17,127.3,23.48,5.11,0,5.06,4.83,1.25,18.88,1.42,0.06,21.5,38.5,0,105.96,0,861.38,448.75,473.21,478.85,250.72,357.94,2.64,9.12,1388.75,35.52,4.34,0,171.38,827.39,3.05,10.45,840.82,0.99,204.34,0.99,78.19,31.53,369.34,98.14,0,89.55,1618.77,545.32,389.89,191.31,2630.77,99.6,229.18,596.91,591.54,113.16,365.39,253.28,36.92,16.02,18.84,167.29,71.95,158.01,1.32
0,0,0,0,0,0,0,0,0,0,0,0,0,0,0,0,0,0,0,0,0,0,0,0,0,0,0,0,0,0,0,0,0,0,0,0,0,0,0,0,0,0,0,0,0,0,0,0,0,0,0,0,0,0,0,0,0,0,0,0,0,0,0,0,0,0,0,0,0,0,0,0,0,0,0,0,0,0,0,0,0,0,0,0,0,0,0,0,0,0,0,0,0,0,0,0,0,0,0,0,0,0,0,0,0,0,0,0,0,0,0,0,0,0
1,0.12,0.54,0.94,0,1.31,3.41,142.44,27.24,40.11,211.65,12.35,41.31,5.47,0.03,2.95,0.13,0.08,0.82,15.03,2.91,2.34,16.74,0.11,9.45,0,0.11,0.7,0,0.43,0.21,4.18,25.3,20.71,50.56,0.93,74,118.83,0,54.23,7.15,99.24,6.72,11.26,0.12,66.1,26.28,0.51,2.54,0.14,0,105.4,11.3,28.67,112.8,9.63,0.32,0,19.6,9.46,3.77,47.85,8.73,2.76,37.06,48.79,6.22,21.93,19.75,123.47,94.2,121.48,449.33,247.64,217.04,15.11,60.59,97.17,2.62,5.64,9.43,52.89,290.79,0,46.27,1.04,0,0,1.02,83.24,20.72,14.78,183.06,6.42,287.88,1060.96,340,222.58,99.34,236.94,9.16,64.63,165.4,166.05,33.93,228.53,158.26,70.86,78.88,100.55,48.64,120.12,139.88,2.36
0,0,0,0,0,0,0,0,0,0,0,0,0,0,0,0,0,0,0,0,0,0,0,0,0,0,0,0,0,0,0,0,0,0,0,0,0,0,0,0,0,0,0,0,0,0,0,0,0,0,0,0,0,0,0,0,0,0,0,0,0,0,0,0,0,0,0,0,0,0,0,0,0,0,0,0,0,0,0,0,0,0,0,0,0,0,0,0,0,0,0,0,0,0,0,0,0,0,0,0,0,0,0,0,0,0,0,0,0,0,0,0,0,0
2.84,0.32,2.99,0.19,0.01,0.38,1.07,30.09,19.92,11,41.29,1.65,9.23,9.74,0.03,12.15,1.21,0.62,3.38,3.41,6.25,3.23,5.46,1.3,1.21,0,0.07,0.58,0,0.55,0.02,0.52,5.03,1.39,4.52,7.89,33.31,17.46,0.01,8.35,1.49,11.71,0.19,2,0.47,22.93,2.85,0.25,10.06,0.19,0.27,17.28,1.2,3.63,16.89,3.25,2.35,0,6.6,3.2,0.96,13.8,0.72,0.2,1.63,61.18,6.81,8.85,61.34,32.05,7.05,10.14,54.4,33.98,23.78,5.94,9.94,25.43,9.51,2.23,7.18,7.25,67.51,9.63,1.95,5.05,0,11.09,4.06,344.72,83.9,522.1,26.91,0,35.59,444.7,65.65,150.71,67.77,81.49,20.34,59.58,340.84,377.21,54.11,83.63,97.49,28.19,3.86,4.92,46.85,8.18,88.03,12.11
1.26,0.29,0.38,0.11,0,0.26,1.28,11.17,6.08,1.82,35.6,0,2.45,0.39,0,0.41,0.18,0.04,0.19,0.17,0.35,0.27,1.69,0.16,0.35,0,0.2,1.81,0.21,0.03,0,0,2.14,0.46,1.96,2.43,1.99,15.81,0.01,2.1,0.29,1.05,0.03,0.53,0.13,5.06,1.35,0.03,1.89,0.03,0.01,3.75,1.9,0.95,1.46,0.18,0.08,0,0.87,0.24,0.2,0.93,0.94,0.16,2.13,3.97,0,7.23,12.45,7.22,7.59,12.71,54.78,28.83,18.9,2.33,2.44,25.25,2.23,2.75,2.44,2.79,7.72,2.54,2.32,0,0,0,0,0,0,0,7.43,0,29.2,67.8,0,18.32,7.75,37.8,2.02,2.12,65.29,102.93,35.75,14.44,35.9,60.52,154.44,1.27,3.26,3.29,6.47,0.32
0,0,0,1.82,0.23,1.56,1.57,0,0,0,0,0,2.18,0.76,0.1,0.58,0.41,0.28,0.88,0.67,0.54,0.57,9.7,5.82,5.01,0.59,2.12,3.46,0.34,0.27,1.34,3.74,10.95,4.21,3.94,7.21,2.62,55.56,2.09,104.51,47.2,4.24,4.57,0.66,0.17,0.73,0.15,0.16,4.18,0.37,0.56,0.49,0.53,0.55,0.11,0.2,0.93,1.05,0.93,1.46,0.83,1.55,0.48,0.48,3.03,1.25,0,1.03,0,0,2.12,5.34,5.29,10.8,11.93,7.22,6.27,0,0,2.43,0,27.05,13.05,11.12,0,0,0,0,0,23.97,2149.4,67.64,4.34,0,8.6,24.72,0,21.38,32.29,98.61,110.17,12.27,70.82,107.68,12.38,1178.59,171.48,0,10.35,3.2,3.98,6.41,12.04,0.65
0,0,0,0,0,0,0,0,0,0,0,0,0,0,0,0,0,0,0,0,0,0,0,0,0,0,0,0,0,0,0,0,0,0,0,0,0,0,0,0,0,0,0,0,0,0,0,0,0,0,0,0,0,0,0,0,0,0,0,0,0,0,0,0,0,0,0,0,0,0,0,0,0,0,0,0,0,0,0,0,0,0,0,0,0,0,0,0,0,0,0,0,0,0,0,4.06,0,0,0,0,0,0,0,0,0,857.68,31.26,0,0,0,0,0,0,0
3.36,0,0,0.99,1.04,0.31,2.02,3.68,3.34,3.36,14.39,0.81,8.53,0,0,0,0,0,0,0,0,0,0,0,0,0,0,0,0,0,0,0.45,0.49,0,0,0,0,0,0,0,0,0,0,0,0,0,0,0,0,0,0,0,0,0,0.5,0.43,0,0,0,0,0,0,0.64,0.27,3.53,11.09,0,1.87,0,14.82,0,0,0.9,5.04,18.37,18.56,26.2,1.18,13.5,1.06,0,0,0,131.14,158,0,10.79,0,4.03,18.51,0,9.17,33.01,0,10.11,409.94,0,178.21,45.61,38.74,35.2,28.99,344.67,396.64,77.39,75.51,143.29,655.49,214.4,114.29,0,0,35.25,16.13
0,1.09,0,0,0,0,0.5,42.63,40.3,15.08,53.16,5.73,0,0,0,0,0,0,0,0,0,0,0,0,0,0,0,0,0,0,0,0,0,0,0,0,0,0,0,0,0,0,0,0,0,0,0,0,0,0,0,0,0,0,2.48,0,0,0,0,0,0,0,0,0,11.85,7.89,0,0,0,101.96,54.99,60.36,140.05,256.88,221.33,14.71,9.69,5.18,0,4.62,15.86,0,0,0,116.83,0,0,0,1,58.57,56.24,89.3,25.52,0,57.02,336.98,0,116.79,2.19,95.2,84.04,43.82,266.75,280.95,58.16,246.62,182.85,46.34,1618.84,425.83,0,0.97,81.19,8.41
0,0,0,0,0,0,0,0,0,0,0,0,0,0,0,0,0,0,0,0,0,0,0,0,0,0,0,0,0,0,0,0,0,0,0,0,0,0,0,0,0,0,0,0,0,0,0,0,0,0,0,0,0,0,0,0,0,0,0,0,0,0,0,0,0,0,0,0,0,0,0,0,0,0,0,0,0,0,0,0,0,0,0,0,0,0,0,0,0,0,0,0,0,0,0,0,0,0,0,0,0,0,0,0,0,0,0,0,0,343.92,0,0,0,0
95.3,3.84,59.25,8.29,3.73,21.83,32.93,162.98,111.97,65.36,321.44,24.57,52.7,6.6,0.31,5.73,8.25,2.53,22.28,15.66,22.29,23.69,39.6,2.75,1.22,0,0,0,0,0,0,4.4,17.18,5.15,6.49,29.62,63.27,37.16,0.04,37.3,6.59,10.42,1.17,7.56,2.92,18.24,3.37,1.95,9.47,1.31,2.33,25.39,4.82,7.63,42.48,0.14,0.01,0,1.85,3.35,0.11,15.91,16.16,9.73,33.14,60.88,4.74,71.67,378.27,187.6,36.61,179.33,1514.09,542.14,226.8,8.32,18.58,4150.62,32.1,65.1,16.28,392.61,184.29,1.99,18.38,3.82,0,254.69,2.89,88.81,72.73,96,83.08,0,94.81,184.39,369.85,214.49,226.71,149.86,64.43,91.82,50.96,83.18,8.68,118.97,36.02,38.53,27.17,27.84,104.39,163.61,35.44,1.87
449.85,25.62,173.21,36.6,4.63,27.07,161.38,997.25,630.78,230.27,2935.08,81.9,383.56,48.07,5.56,47.9,8.47,12.35,21.81,50.81,11.81,50.89,10.98,3.01,16.29,0.12,1.01,41.31,0,1.34,8.91,45.8,238.45,50.47,141.49,90.29,656.74,112.23,0.41,47.27,9.9,201.02,2.27,29.36,16.86,438.79,23.61,2.82,50.54,0.39,3.14,133.59,27.81,60.72,38.75,45.81,4.16,79.28,20.95,12.06,0.71,69.56,32.6,13.88,153.76,285.6,62.92,200.41,114.41,825.63,109.03,415.39,984.48,1468.11,1484.46,46.35,152.92,493.35,183.32,138.79,169.82,480.86,906.2,25.51,22.49,36.01,309.91,1675.66,0.94,640.79,182.41,756.07,201.43,183.41,338.05,2277.93,414.57,841.45,677.95,271.56,146.76,191.53,370.62,376.35,73.83,255.54,349.07,32.86,41.81,64.88,5.92,107.33,290.28,22.66
8.52,0.79,8.11,2.69,3.13,1.51,1.17,7.99,12.17,1.95,19.8,0,1.94,0.91,0.08,0.73,0.46,0.35,0.79,0.72,0.71,0.63,2.43,1.27,1.04,0.04,0.41,0.96,0.07,0.06,0.34,0.25,0.69,1.06,0.88,0.98,3.43,1.79,0.04,0.93,0.56,0.43,0.51,0.91,0.37,0.79,0.28,0.24,2.34,0.2,0.32,0.67,0.37,0.63,1.33,0.09,0,0,0.36,0.56,0.3,0.6,0.5,1.27,4.01,2.49,0,2.77,41.35,15.26,14.65,39.65,39.62,54.74,143.68,33.54,17.61,166.32,3.02,7.52,3.97,6.76,38.29,9.55,90.22,7.16,0,0,1,1.76,0,0,11.74,18.49,17.45,202.46,0.92,26.69,11.13,27.25,79.17,9.79,24.66,45.9,0.95,1167.9,192.55,58.81,17.34,38.13,1.72,10.43,157.87,4.41
0.29,0.31,0.36,0,0,0,0,9.28,5.44,7.48,31.52,0.94,0,6.51,0,0,0.36,0,1.07,0.18,0.75,0.57,0.15,0,2.22,0.13,0.12,0.2,0.13,0.14,0.21,0.05,0.97,1.32,5.39,1.12,1.99,7.52,0,5.65,1.21,8.04,0.11,0.12,0,2.84,0.51,0,2.89,0.16,0,4.76,0.25,1.44,9.17,0.97,0.73,0,1.63,0.07,0.1,2.39,1.79,0.26,1.04,2.72,0,1.11,28.06,115.74,64.07,70.21,73.66,5.67,14.88,1.12,3.37,5.43,1.09,3.59,1.09,1.3,4.91,1.2,0,0,0,0,0,16.21,3.85,0,4.7,0,3.47,84.35,0,19.5,6.09,4.66,100.99,9.6,25.07,37.22,2.12,63.99,41.84,0,18.74,1.69,0.61,0.5,19.26,0.72